Rank,Arn,Name,Description,LaunchTime,CloseTime,TrackArn,Status,MinimumLaps,TotalLaps,ParticipantCount,RaceType,Visibility,TimingMethod,LeagueType,Moderated,TermsConditionId,TermsAccepted,WinnerAlias,HeadToHeadConfig_HeadToHeadType,HeadToHeadConfig_NumBotCars,HeadToHeadConfig_BotCarSpeed,HeadToHeadConfig_EnableLaneChange,HeadToHeadConfig_LowerLaneChangeTime,HeadToHeadConfig_UpperLaneChangeTime,ResettingBehaviorConfig_IsContinuousLap,ResettingBehaviorConfig_AllowReset,ResettingBehaviorConfig_MaxResetTimes,ResettingBehaviorConfig_PenaltySeconds,PlayoffRaceTypeConfig_PlayoffRaceTypeID,ThemeConfig_ThemeID,ObjectAvoidanceConfig_RandomizeLocation,ObjectAvoidanceConfig_ObstaclePositions,ObjectAvoidanceConfig_NumObstacles,ObjectAvoidanceConfig_ObstacleType,ResettingBehaviorConfig_CollisionPenaltySeconds,ResettingBehaviorConfig_OffTrackPenaltySeconds,PlayoffRaceTypeConfig_PlayoffRaceArn,PlayoffRaceTypeConfig_PlayoffReleaseTime,PlayoffRaceTypeConfig_PlayoffResultReleaseTime,NumOfTeamSubmissionsRequired,ParticipationConfig_EntryTypeConfig_InvitationEntryType,ParticipationConfig_ViewType,CarControlConfig_CarSpeedControl,Tags,RacingDivision,ParticipationConfig_EntryTypeConfig_RacingDivisionEntryType,TerminationConditions_MaxTimeInMinutes
1,arn:aws:deepracer:us-east-1::leaderboard/preseason-2019-04-17,Summit Speedway Pre-season,"Take part in the Summit Speedway, the pre-season race for the Virtual Circuit. Train your model on the re:Invent track to get the best chance of posting a good lap time on this track. You can also use this model to race at any of the upcoming Summit Circuit races.",1555516800000,1556550000000,arn:aws:deepracer:us-east-1::track/Virtual_Competition_1,CLOSED,3,5,162,TIME_TRIAL,VISIBLE,AVG_LAP_TIME,VIRTUAL,False,,,,,,,,,,,,,,,,,,,,,,,,,,,,,,,,
2,arn:aws:deepracer:us-east-1::leaderboard/season-2019-05,London Loop,"Race in the London Loop, the first stop of the Virtual Circuit World Tour, happening during May 2019! Prepare your model for this race by training on the London Loop training track.",1556553600000,1559347199000,arn:aws:deepracer:us-east-1::track/Virtual_May19_Comp_track,CLOSED,2,5,859,TIME_TRIAL,VISIBLE,AVG_LAP_TIME,VIRTUAL,False,,,,,,,,,,,,,,,,,,,,,,,,,,,,,,,,
3,arn:aws:deepracer:us-east-1::leaderboard/season-2019-06,Kumo Torakku,"Continue racing and building up League points in the Kumo Torakku, the second stop in the Virtual Circuit World Tour. The race winner and season top point getters will win an expenses paid trip to compete for the Championship Cup at re:Invent 2019.",1559595600000,1561964399000,arn:aws:deepracer:us-east-1::track/Tokyo_Racing_track,CLOSED,1,5,572,TIME_TRIAL,VISIBLE,AVG_LAP_TIME,VIRTUAL,False,,,,,,,,,,,,,,,,,,,,,,,,,,,,,,,,
4,arn:aws:deepracer:us-east-1::leaderboard/season-2019-07,Empire City Circuit,The July race is now open and is the third stop on the Virtual Circuit World Tour. Create and train a model to master the New York-inspired track and compete for a chance to win an expenses paid trip to re:Invent 2019!,1561964400000,1564599599000,arn:aws:deepracer:us-east-1::track/New_YorkAlt_Track,CLOSED,1,5,650,TIME_TRIAL,VISIBLE,AVG_LAP_TIME,VIRTUAL,False,,,,,,,,,,,,,,,,,,,,,,,,,,,,,,,,
5,arn:aws:deepracer:us-east-1::leaderboard/season-2019-08,Shanghai Sudu,"The August race is now open and is the fourth stop on the Virtual Circuit World Tour. Create and train a model to master the Shanghai Sudu track and submit your model for a chance to win an all-expenses paid trip to Las Vegas, NV, to compete for the Championship Cup at re:Invent 2019!",1564642800000,1567295999000,arn:aws:deepracer:us-east-1::track/ChinaAlt_track,CLOSED,1,5,1375,TIME_TRIAL,VISIBLE,AVG_LAP_TIME,VIRTUAL,False,,,,,,,,,,,,,,,,,,,,,,,,,,,,,,,,
6,arn:aws:deepracer:us-east-1::leaderboard/season-2019-09,Cumulo Carrera,"The September race is the fifth stop in the Virtual Circuit World Tour. Create and train a model to master the Cumulo Carrera and submit your model for a chance to win an expenses paid trip to Las Vegas, NV, and compete for the Championship Cup at re:Invent 2019!",1567296000000,1569887999000,arn:aws:deepracer:us-east-1::track/MexicoAlt_track,CLOSED,1,5,1338,TIME_TRIAL,VISIBLE,AVG_LAP_TIME,VIRTUAL,False,,,,,,,,,,,,,,,,,,,,,,,,,,,,,,,,
7,arn:aws:deepracer:us-east-1::leaderboard/season-2019-10,Toronto Turnpike,"The Toronto Turnpike is the sixth, and final, stop of the 2019 Virtual Circuit World Tour. This is the last chance in 2019 to win an expenses paid trip to Las Vegas, NV, to compete for the Championship Cup at re:Invent 2019!",1569888000000,1572566399000,arn:aws:deepracer:us-east-1::track/Canada_Race,CLOSED,1,5,1983,TIME_TRIAL,VISIBLE,AVG_LAP_TIME,VIRTUAL,False,,,,,,,,,,,,,,,,,,,,,,,,,,,,,,,,
8,arn:aws:deepracer:us-east-1::leaderboard/season-2019-11,Championship Cup Warm-up,"Take part in this friendly warm-up race to see how your model will do in the 2019 Championship Cup Knockouts, taking place during re:Invent 2019 on this track. Join us in Las Vegas, where you can race your model for prizes at the MGM Grand Garden Arena and get a trackside seat to witness the 2019 DeepRacer League's best compete for a spot in the Final Race to be crowned the 2019 DeepRacer Champion.",1572912000000,1575158340000,arn:aws:deepracer:us-east-1::track/reInvent2019_track,CLOSED,1,5,904,TIME_TRIAL,VISIBLE,AVG_LAP_TIME,VIRTUAL,False,,,,,,,,,,,,,,,,,,,,,,,,,,,,,,,,
9,arn:aws:deepracer:us-east-1::leaderboard/season-2019-12,AWS Summit Raceway,Train your models on this track to race in the AWS DeepRacer League 2020 pre-season race happening during December 2019.,1575158400000,1577750399000,arn:aws:deepracer:us-east-1::track/Vegas_track,CLOSED,1,5,490,TIME_TRIAL,VISIBLE,AVG_LAP_TIME,VIRTUAL,False,,,,,,,,,,,,,,,,,,,,,,,,,,,,,,,,
10,arn:aws:deepracer:us-east-1::leaderboard/virtual-season-2020-03-h2h,2020 March Qualifier,"Finish the race as quickly as possible and avoid the collisions with the bots and going off-track, as both will be penalized.",1583186400000,1585699140000,arn:aws:deepracer:us-east-1::track/LGSWide,CLOSED,3,3,110,HEAD_TO_HEAD_RACING,VISIBLE,TOTAL_TIME,VIRTUAL,False,TNC-2020-03,False,JJ,BOT_VEHICLE,4.0,0.5,True,5.0,5.0,True,True,10000.0,2.0,TOURNAMENT,defaultBlack,,,,,,,,,,,,,,,,,
11,arn:aws:deepracer:us-east-1::leaderboard/virtual-season-2020-03-oa,2020 March Qualifier,"Finish the race as quickly as possible and avoid the objects and going off-track, as both will be penalized.",1583186400000,1585699140000,arn:aws:deepracer:us-east-1::track/LGSWide,CLOSED,3,3,97,OBJECT_AVOIDANCE,VISIBLE,TOTAL_TIME,VIRTUAL,False,TNC-2020-03,False,RichardFan,,,,,,,True,True,10000.0,2.0,,defaultBlue,False,"[{'LaneNumber': -1, 'TrackPercentage': 0.22144827025513933}, {'LaneNumber': 1, 'TrackPercentage': 0.40321966403582604}, {'LaneNumber': 1, 'TrackPercentage': 0.5969522538630115}, {'LaneNumber': 1, 'TrackPercentage': 0.6840478543351387}, {'LaneNumber': -1, 'TrackPercentage': 0.8457492411039967}, {'LaneNumber': 1, 'TrackPercentage': 0.9406947021935407}]",6.0,BOX,,,,,,,,,,,,,
12,arn:aws:deepracer:us-east-1::leaderboard/virtual-season-2020-03-tt,2020 March Qualifier,Finish the race as quickly as possible and stay on track. Going off-track will be penalized.,1583186400000,1585699140000,arn:aws:deepracer:us-east-1::track/LGSWide,CLOSED,3,3,621,TIME_TRIAL,VISIBLE,TOTAL_TIME,VIRTUAL,False,TNC-2020-03,False,TonyJ,,,,,,,True,True,10000.0,2.0,,defaultLightBlue,,,,,,,,,,,,,,,,,
13,arn:aws:deepracer:us-east-1::leaderboard/virtual-season-2020-04-h2h,2020 April Qualifier,"Finish the race as quickly as possible and avoid the collisions with the bots and going off-track, as both will be penalized.",1585699200000,1588291199000,arn:aws:deepracer:us-east-1::track/AmericasGeneratedInclStart,CLOSED,3,3,107,HEAD_TO_HEAD_RACING,VISIBLE,TOTAL_TIME,VIRTUAL,False,TNC-2020-04,False,Jochem,BOT_VEHICLE,6.0,0.75,True,1.0,3.0,True,True,10000.0,2.0,TOURNAMENT,defaultBlack,,,,,,,,,,,,,,,,,
14,arn:aws:deepracer:us-east-1::leaderboard/virtual-season-2020-04-oa,2020 April Qualifier,"Finish the race as quickly as possible and avoid the objects and going off-track, as both will be penalized.",1585699200000,1588291199000,arn:aws:deepracer:us-east-1::track/AmericasGeneratedInclStart,CLOSED,3,3,66,OBJECT_AVOIDANCE,VISIBLE,TOTAL_TIME,VIRTUAL,False,TNC-2020-04,False,Breadcentric,,,,,,,True,True,10000.0,2.0,,defaultBlue,False,"[{'LaneNumber': 1, 'TrackPercentage': 0.07693440506444409}, {'LaneNumber': 1, 'TrackPercentage': 0.20001974504027456}, {'LaneNumber': 1, 'TrackPercentage': 0.3192302080161751}, {'LaneNumber': 1, 'TrackPercentage': 0.5654008343977457}, {'LaneNumber': -1, 'TrackPercentage': 0.692309192267626}, {'LaneNumber': -1, 'TrackPercentage': 0.8076918902859519}]",6.0,BOX,,,,,,,,,,,,,
15,arn:aws:deepracer:us-east-1::leaderboard/virtual-season-2020-04-tt,2020 April Qualifier,Finish the race as quickly as possible and stay on track. Going off-track will be penalized.,1585699200000,1588291199000,arn:aws:deepracer:us-east-1::track/AmericasGeneratedInclStart,CLOSED,3,3,643,TIME_TRIAL,VISIBLE,TOTAL_TIME,VIRTUAL,False,TNC-2020-04,False,ChihYu-NCTU-CGI,,,,,,,True,True,10000.0,2.0,,defaultLightBlue,,,,,,,,,,,,,,,,,
16,arn:aws:deepracer:us-east-1::leaderboard/summit-season-2020-05-h2h,Americas and Asia-Pacific - May Qualifier,"Finish the race as quickly as possible and avoid the collisions with the bots and going off-track, as both will be penalized.",1588291200000,1590969539000,arn:aws:deepracer:us-east-1::track/reInvent2019_track,CLOSED,3,3,157,HEAD_TO_HEAD_RACING,VISIBLE,TOTAL_TIME,ONLINE,False,TNC-2020-04,False,dartjason,BOT_VEHICLE,6.0,0.75,True,1.0,3.0,True,True,10000.0,5.0,,defaultBlack,,,,,5.0,2.0,,,,,,,,,,,
17,arn:aws:deepracer:us-east-1::leaderboard/summit-season-2020-05-tt,Americas and Asia-Pacific - May Qualifier,Finish the race as quickly as possible and stay on track. Going off-track will be penalized.,1588291200000,1590969539000,arn:aws:deepracer:us-east-1::track/reInvent2019_track,CLOSED,3,3,341,TIME_TRIAL,VISIBLE,TOTAL_TIME,ONLINE,False,TNC-2020-04,False,Kuei-NCTU-CGI,,,,,,,True,True,10000.0,5.0,,defaultLightBlue,,,,,,2.0,,,,,,,,,,,
18,arn:aws:deepracer:us-east-1::leaderboard/virtual-season-2020-05-h2h,F1 ProAm Event - May Qualifier,"Finish the race as quickly as possible and avoid the collisions with the bots and going off-track, as both will be penalized.",1588291200000,1590969539000,arn:aws:deepracer:us-east-1::track/Spain_track,CLOSED,3,3,202,HEAD_TO_HEAD_RACING,VISIBLE,TOTAL_TIME,VIRTUAL,False,TNC-2020-04,False,RayG,BOT_VEHICLE,6.0,0.75,True,1.0,3.0,True,True,10000.0,5.0,GRANDPRIX,f1Red,,,,,5.0,5.0,arn:aws:deepracer:us-east-1::leaderboard/virtual-season-2020-05-h2h-gp,1590969600000.0,1592055132000.0,,,,,,,,
19,arn:aws:deepracer:us-east-1::leaderboard/virtual-season-2020-05-oa,F1 ProAm Event - May Qualifier,"Finish the race as quickly as possible and avoid the objects and going off-track, as both will be penalized.",1588291200000,1590969539000,arn:aws:deepracer:us-east-1::track/Spain_track,CLOSED,3,3,134,OBJECT_AVOIDANCE,VISIBLE,TOTAL_TIME,VIRTUAL,False,TNC-2020-04,False,ShaoXiong-NCTU-CGI,,,,,,,True,True,10000.0,5.0,,f1Blue,False,"[{'LaneNumber': -1, 'TrackPercentage': 0.1690708037909166}, {'LaneNumber': 1, 'TrackPercentage': 0.2638102569075569}, {'LaneNumber': -1, 'TrackPercentage': 0.4072827740044651}, {'LaneNumber': 1, 'TrackPercentage': 0.5804718430735435}, {'LaneNumber': -1, 'TrackPercentage': 0.6937442410812812}, {'LaneNumber': 1, 'TrackPercentage': 0.7864867324330095}]",6.0,BOX,5.0,5.0,,,,,,,,,,,
20,arn:aws:deepracer:us-east-1::leaderboard/virtual-season-2020-05-tt,F1 ProAm Event - May Qualifier,Finish the race as quickly as possible and stay on track. Going off-track will be penalized.,1588291200000,1590969539000,arn:aws:deepracer:us-east-1::track/Spain_track,CLOSED,3,3,1291,TIME_TRIAL,VISIBLE,TOTAL_TIME,VIRTUAL,False,TNC-2020-04,False,GT-DevelopersIO,,,,,,,True,True,10000.0,5.0,,f1LightBlue,,,,,,5.0,,,,,,,,,,,
21,arn:aws:deepracer:us-east-1::leaderboard/summit-season-2020-06-h2h,"Europe, Middle East and Africa - June Qualifier","Finish the race as quickly as possible and avoid the collisions with the bots and going off-track, as both will be penalized.",1590969600000,1593561599000,arn:aws:deepracer:us-east-1::track/reInvent2019_track,CLOSED,3,3,100,HEAD_TO_HEAD_RACING,VISIBLE,TOTAL_TIME,ONLINE,False,TNC-2020-04,False,Jianlong-DBS,BOT_VEHICLE,6.0,0.75,True,1.0,3.0,True,True,10000.0,5.0,,defaultBlack,,,,,5.0,2.0,,,,,,,,,,,
22,arn:aws:deepracer:us-east-1::leaderboard/summit-season-2020-06-tt,"Europe, Middle East and Africa - June Qualifier",Finish the race as quickly as possible and stay on track. Going off-track will be penalized.,1590969600000,1593561599000,arn:aws:deepracer:us-east-1::track/reInvent2019_track,CLOSED,3,3,248,TIME_TRIAL,VISIBLE,TOTAL_TIME,ONLINE,False,TNC-2020-04,False,IcePandaBoom,,,,,,,True,True,10000.0,5.0,,defaultLightBlue,,,,,,2.0,,,,,,,,,,,
23,arn:aws:deepracer:us-east-1::leaderboard/virtual-season-2020-06-h2h,2020 June Qualifier,"Finish the race as quickly as possible and avoid the collisions with the bots and going off-track, as both will be penalized.",1590969600000,1593561599000,arn:aws:deepracer:us-east-1::track/FS_June2020,CLOSED,3,3,96,HEAD_TO_HEAD_RACING,VISIBLE,TOTAL_TIME,VIRTUAL,False,TNC-2020-04,False,Asumi,BOT_VEHICLE,6.0,1.0,True,1.0,5.0,True,True,10000.0,5.0,TOURNAMENT,defaultBlack,,,,,5.0,5.0,,,,,,,,,,,
24,arn:aws:deepracer:us-east-1::leaderboard/virtual-season-2020-06-oa,2020 June Qualifier,"Finish the race as quickly as possible and avoid the objects and going off-track, as both will be penalized.",1590969600000,1593561599000,arn:aws:deepracer:us-east-1::track/FS_June2020,CLOSED,3,3,66,OBJECT_AVOIDANCE,VISIBLE,TOTAL_TIME,VIRTUAL,False,TNC-2020-04,False,ShinyThings-DBS,,,,,,,True,True,10000.0,5.0,,defaultBlue,False,"[{'LaneNumber': -1, 'TrackPercentage': 0.13357394753645263}, {'LaneNumber': 1, 'TrackPercentage': 0.2670822336867065}, {'LaneNumber': 1, 'TrackPercentage': 0.4006193778261204}, {'LaneNumber': 1, 'TrackPercentage': 0.49437024590901385}, {'LaneNumber': 1, 'TrackPercentage': 0.6988694166511688}, {'LaneNumber': -1, 'TrackPercentage': 0.9062141172199363}]",6.0,BOX,5.0,5.0,,,,,,,,,,,
25,arn:aws:deepracer:us-east-1::leaderboard/virtual-season-2020-06-tt,2020 June Qualifier,Finish the race as quickly as possible and stay on track. Going off-track will be penalized.,1590969600000,1593561599000,arn:aws:deepracer:us-east-1::track/FS_June2020,CLOSED,3,3,959,TIME_TRIAL,VISIBLE,TOTAL_TIME,VIRTUAL,False,TNC-2020-04,False,Duckworth,,,,,,,True,True,10000.0,5.0,,defaultLightBlue,,,,,,5.0,,,,,,,,,,,
26,arn:aws:deepracer:us-east-1::leaderboard/summit-season-2020-07-h2h,2020 July Summit Online Qualifier,"Finish the race as quickly as possible and avoid the collisions with the bots and going off-track, as both will be penalized.",1593561600000,1596239940000,arn:aws:deepracer:us-east-1::track/reInvent2019_track,CLOSED,3,3,120,HEAD_TO_HEAD_RACING,VISIBLE,TOTAL_TIME,ONLINE,False,TNC-2020-04,False,MiLKB,BOT_VEHICLE,6.0,0.75,True,1.0,3.0,True,True,10000.0,5.0,,defaultBlack,,,,,5.0,2.0,,,,,,,,,,,
27,arn:aws:deepracer:us-east-1::leaderboard/summit-season-2020-07-tt,2020 July Summit Online Qualifier,Finish the race as quickly as possible and stay on track. Going off-track will be penalized.,1593561600000,1596239940000,arn:aws:deepracer:us-east-1::track/reInvent2019_track,CLOSED,3,3,219,TIME_TRIAL,VISIBLE,TOTAL_TIME,ONLINE,False,TNC-2020-04,False,WenwenPon,,,,,,,True,True,10000.0,5.0,,defaultLightBlue,,,,,,2.0,,,,,,,,,,,
28,arn:aws:deepracer:us-east-1::leaderboard/virtual-season-2020-07-h2h,2020 July Qualifier,"Finish the race as quickly as possible and avoid the collisions with the bots and going off-track, as both will be penalized.",1593561600000,1596239940000,arn:aws:deepracer:us-east-1::track/July_2020,CLOSED,3,3,94,HEAD_TO_HEAD_RACING,VISIBLE,TOTAL_TIME,VIRTUAL,False,TNC-2020-04,False,Penguin-DNPds,BOT_VEHICLE,6.0,1.0,True,1.0,5.0,True,True,10000.0,5.0,TOURNAMENT,defaultBlack,,,,,5.0,5.0,,,,,,,,,,,
29,arn:aws:deepracer:us-east-1::leaderboard/virtual-season-2020-07-oa,2020 July Qualifier,"Finish the race as quickly as possible and avoid the objects and going off-track, as both will be penalized.",1593561600000,1596239940000,arn:aws:deepracer:us-east-1::track/July_2020,CLOSED,3,3,74,OBJECT_AVOIDANCE,VISIBLE,TOTAL_TIME,VIRTUAL,False,TNC-2020-04,False,MING-CHUN,,,,,,,True,True,10000.0,5.0,,defaultBlue,False,"[{'LaneNumber': 1, 'TrackPercentage': 0.06413063610613604}, {'LaneNumber': -1, 'TrackPercentage': 0.2137493193133235}, {'LaneNumber': -1, 'TrackPercentage': 0.31904001056019554}, {'LaneNumber': 1, 'TrackPercentage': 0.4408949022890249}, {'LaneNumber': 1, 'TrackPercentage': 0.6289247025780855}, {'LaneNumber': 1, 'TrackPercentage': 0.7064275037732626}]",6.0,BOX,5.0,5.0,,,,,,,,,,,
30,arn:aws:deepracer:us-east-1::leaderboard/virtual-season-2020-07-tt,2020 July Qualifier,Finish the race as quickly as possible and stay on track. Going off-track will be penalized.,1593561600000,1596239940000,arn:aws:deepracer:us-east-1::track/July_2020,CLOSED,3,3,989,TIME_TRIAL,VISIBLE,TOTAL_TIME,VIRTUAL,False,TNC-2020-04,False,alexj,,,,,,,True,True,10000.0,5.0,,defaultLightBlue,,,,,,5.0,,,,,,,,,,,
31,arn:aws:deepracer:us-east-1::leaderboard/summit-season-2020-08-h2h,2020 August Summit Online Qualifier,"Finish the race as quickly as possible and avoid the collisions with the bots and going off-track, as both will be penalized.",1596240000000,1598918399000,arn:aws:deepracer:us-east-1::track/reInvent2019_track,CLOSED,3,3,90,HEAD_TO_HEAD_RACING,VISIBLE,TOTAL_TIME,ONLINE,False,TNC-2020-04,False,nalbam-me,BOT_VEHICLE,6.0,0.75,True,1.0,3.0,True,True,10000.0,5.0,,defaultBlack,,,,,5.0,2.0,,,,,,,,,,,
32,arn:aws:deepracer:us-east-1::leaderboard/summit-season-2020-08-tt,2020 August Summit Online Qualifier,Finish the race as quickly as possible and stay on track. Going off-track will be penalized.,1596240000000,1598918399000,arn:aws:deepracer:us-east-1::track/reInvent2019_track,CLOSED,3,3,182,TIME_TRIAL,VISIBLE,TOTAL_TIME,ONLINE,False,TNC-2020-04,False,OscarIVECloud,,,,,,,True,True,10000.0,5.0,,defaultLightBlue,,,,,,2.0,,,,,,,,,,,
33,arn:aws:deepracer:us-east-1::leaderboard/virtual-season-2020-08-h2h,2020 August Qualifier,"Finish the race as quickly as possible and avoid the collisions with the bots and going off-track, as both will be penalized.",1596240000000,1598918399000,arn:aws:deepracer:us-east-1::track/Albert,CLOSED,3,3,108,HEAD_TO_HEAD_RACING,VISIBLE,TOTAL_TIME,VIRTUAL,False,TNC-2020-04,False,mayurmadnani,BOT_VEHICLE,6.0,1.0,True,1.0,5.0,True,True,10000.0,5.0,TOURNAMENT,defaultBlack,,,,,,,,,,,,,,,,,
34,arn:aws:deepracer:us-east-1::leaderboard/virtual-season-2020-08-oa,2020 August Qualifier,"Finish the race as quickly as possible and avoid the objects and going off-track, as both will be penalized.",1596240000000,1598918399000,arn:aws:deepracer:us-east-1::track/Albert,CLOSED,3,3,94,OBJECT_AVOIDANCE,VISIBLE,TOTAL_TIME,VIRTUAL,False,TNC-2020-04,False,JonathanRacer,,,,,,,True,True,10000.0,5.0,,defaultBlue,False,"[{'LaneNumber': -1, 'TrackPercentage': 0.09648427988512517}, {'LaneNumber': 1, 'TrackPercentage': 0.27193033835228264}, {'LaneNumber': -1, 'TrackPercentage': 0.3450328092504835}, {'LaneNumber': 1, 'TrackPercentage': 0.5848078489433801}, {'LaneNumber': 1, 'TrackPercentage': 0.7865492724159}, {'LaneNumber': 1, 'TrackPercentage': 0.9181408150063396}]",6.0,BOX,,,,,,,,,,,,,
35,arn:aws:deepracer:us-east-1::leaderboard/virtual-season-2020-08-tt,2020 August Qualifier,Finish the race as quickly as possible and stay on track. Going off-track will be penalized.,1596240000000,1598918399000,arn:aws:deepracer:us-east-1::track/Albert,CLOSED,3,3,1210,TIME_TRIAL,VISIBLE,TOTAL_TIME,VIRTUAL,False,TNC-2020-04,False,FRacer,,,,,,,True,True,10000.0,5.0,,defaultLightBlue,,,,,,,,,,,,,,,,,
36,arn:aws:deepracer:us-east-1::leaderboard/summit-season-2020-09-h2h,2020 September Summit Online Qualifier,"Finish the race as quickly as possible and avoid the collisions with the bots and going off-track, as both will be penalized.",1598918400000,1601510399000,arn:aws:deepracer:us-east-1::track/reInvent2019_track,CLOSED,3,3,105,HEAD_TO_HEAD_RACING,VISIBLE,TOTAL_TIME,ONLINE,False,TNC-2020-04,False,haikal-DBS,BOT_VEHICLE,6.0,0.75,True,1.0,3.0,True,True,10000.0,5.0,,defaultBlack,,,,,5.0,2.0,,,,4.0,,,,,,,
37,arn:aws:deepracer:us-east-1::leaderboard/summit-season-2020-09-tt,2020 September Summit Online Qualifier,Finish the race as quickly as possible and stay on track. Going off-track will be penalized.,1598918400000,1601510399000,arn:aws:deepracer:us-east-1::track/reInvent2019_track,CLOSED,3,3,203,TIME_TRIAL,VISIBLE,TOTAL_TIME,ONLINE,False,TNC-2020-04,False,Bandi-ShallowMind,,,,,,,True,True,10000.0,5.0,,defaultLightBlue,,,,,,2.0,,,,4.0,,,,,,,
38,arn:aws:deepracer:us-east-1::leaderboard/virtual-season-2020-09-h2h,2020 September Qualifier,"Finish the race as quickly as possible and avoid the collisions with the bots and going off-track, as both will be penalized.",1598918400000,1601510399000,arn:aws:deepracer:us-east-1::track/Belille,CLOSED,3,3,119,HEAD_TO_HEAD_RACING,VISIBLE,TOTAL_TIME,VIRTUAL,False,TNC-2020-04,False,S-P-,BOT_VEHICLE,6.0,1.0,True,1.0,5.0,True,True,10000.0,5.0,TOURNAMENT,defaultBlack,,,,,5.0,5.0,,,,4.0,,,,,,,
39,arn:aws:deepracer:us-east-1::leaderboard/virtual-season-2020-09-oa,2020 September Qualifier,"Finish the race as quickly as possible and avoid the objects and going off-track, as both will be penalized.",1598918400000,1601510399000,arn:aws:deepracer:us-east-1::track/Belille,CLOSED,3,3,108,OBJECT_AVOIDANCE,VISIBLE,TOTAL_TIME,VIRTUAL,False,TNC-2020-04,False,yokeboy,,,,,,,True,True,10000.0,5.0,,defaultBlue,False,"[{'LaneNumber': -1, 'TrackPercentage': 0.12026420546528271}, {'LaneNumber': 1, 'TrackPercentage': 0.20043892091504348}, {'LaneNumber': 1, 'TrackPercentage': 0.40849922539691524}, {'LaneNumber': 1, 'TrackPercentage': 0.4911932646518566}, {'LaneNumber': -1, 'TrackPercentage': 0.6891766794067121}, {'LaneNumber': -1, 'TrackPercentage': 0.8370045859605526}]",6.0,BOX,5.0,5.0,,,,4.0,CLOSED_INVITATION,ALL,True,,,,
40,arn:aws:deepracer:us-east-1::leaderboard/virtual-season-2020-09-tt,2020 September Qualifier,Finish the race as quickly as possible and stay on track. Going off-track will be penalized.,1598918400000,1601510399000,arn:aws:deepracer:us-east-1::track/Belille,CLOSED,3,3,852,TIME_TRIAL,VISIBLE,TOTAL_TIME,VIRTUAL,False,TNC-2020-04,False,JPMC-Rogue-Hyderabad,,,,,,,True,True,10000.0,5.0,,defaultLightBlue,,,,,,,,,,4.0,,,,,,,
41,arn:aws:deepracer:::leaderboard/55234c74-2c48-466d-9e66-242ddf05e04d,2020 October Qualifier,Finish the race as quickly as possible and stay on track. Going off-track will be penalized.,1601510401000,1604188799000,arn:aws:deepracer:us-east-1::track/Aragon,CLOSED,3,3,1381,TIME_TRIAL,VISIBLE,TOTAL_TIME,VIRTUAL,False,TNC-2020-04,False,McMurphy,,,,,,,True,True,10000.0,5.0,,defaultLightBlue,,,,,5.0,5.0,,,,4.0,,,,"virtual,virtual-season-2020-10-tt",,,
42,arn:aws:deepracer:::leaderboard/831218e6-ff91-4b11-b734-a2509d9b37fe,2020 October Qualifier,"Finish the race as quickly as possible and avoid the collisions with the bots and going off-track, as both will be penalized.",1601510401000,1604188799000,arn:aws:deepracer:us-east-1::track/Aragon,CLOSED,3,3,395,HEAD_TO_HEAD_RACING,VISIBLE,TOTAL_TIME,VIRTUAL,False,TNC-2020-04,False,ep-dr-racer1,BOT_VEHICLE,4.0,0.75,True,1.0,3.0,True,True,10000.0,5.0,TOURNAMENT,defaultBlack,,,,,5.0,5.0,,1604188799000.0,,4.0,,,,"virtual,virtual-season-2020-10-h2h",,,
43,arn:aws:deepracer:::leaderboard/d542d266-ce95-4875-8bdb-670421c9394f,2020 October Qualifier,"Finish the race as quickly as possible and avoid the objects and going off-track, as both will be penalized.",1601510401000,1604188799000,arn:aws:deepracer:us-east-1::track/Aragon,CLOSED,3,3,65,OBJECT_AVOIDANCE,VISIBLE,TOTAL_TIME,VIRTUAL,False,TNC-2020-04,False,Arcjude,,,,,,,True,True,10000.0,5.0,,defaultBlue,False,"[{'LaneNumber': -1, 'TrackPercentage': 0.12}, {'LaneNumber': 1, 'TrackPercentage': 0.26}, {'LaneNumber': 1, 'TrackPercentage': 0.39}, {'LaneNumber': -1, 'TrackPercentage': 0.55}, {'LaneNumber': -1, 'TrackPercentage': 0.72}, {'LaneNumber': 1, 'TrackPercentage': 0.88}]",6.0,BOX,5.0,5.0,,,,4.0,,,,"virtual,virtual-season-2020-10-oa",,,
44,arn:aws:deepracer:::leaderboard/a046d284-0e67-4b81-bfc2-fdaf4ea5e15b,reInvent Championship Wildcard,"During the re:Invent Championship Wildcard race, anyone eligible to compete in the AWS DeepRacer League may compete directly in the AWS DeepRacer Console, except any pre-qualified championship finalists.",1604966401000,1606780799000,arn:aws:deepracer:us-east-1::track/Austin,CLOSED,3,3,901,TIME_TRIAL,VISIBLE,TOTAL_TIME,VIRTUAL,False,TNC-2020-04,False,,,,,,,,True,True,10000.0,5.0,,defaultLightBlue,,,,,5.0,5.0,,,,,ALL,ALL,True,"virtual,virtual-reinvent-2020-wildcard",,,
45,arn:aws:deepracer:::leaderboard/87ef6550-99e6-44ae-9d4c-205f658ce329,Knockout Group 1,Competitors from Japan and Taiwan attempt to finish the race as quickly as possible while avoiding penalties for collision and driving off track.,1606869000000,1606876200000,arn:aws:deepracer:us-east-1::track/Monaco,CLOSED,1,15,13,OBJECT_AVOIDANCE,VISIBLE,BEST_LAP_TIME,REINVENT_2020,True,TNC-2020-04,False,,,,,,,,True,True,10000.0,3.0,,defaultLightBlue,False,"[{'LaneNumber': -1, 'TrackPercentage': 0.12}, {'LaneNumber': 1, 'TrackPercentage': 0.26}, {'LaneNumber': -1, 'TrackPercentage': 0.42}, {'LaneNumber': 1, 'TrackPercentage': 0.58}, {'LaneNumber': -1, 'TrackPercentage': 0.68}, {'LaneNumber': 1, 'TrackPercentage': 0.98}]",6.0,BOX,3.0,2.0,,,,,CLOSED_INVITATION,ALL,True,"virtual,virtual-reinvent-2020-ko1",,,
46,arn:aws:deepracer:::leaderboard/0c9589ac-6556-42a0-9dcd-6305963d17c0,Knockout Group 2,"Competitors from Japan, South Korea, Australia, and New Zealand attempt to finish the race as quickly as possible while avoiding penalties for collision and driving off track.",1606876200000,1606881600000,arn:aws:deepracer:us-east-1::track/Monaco,CLOSED,1,15,13,OBJECT_AVOIDANCE,VISIBLE,BEST_LAP_TIME,REINVENT_2020,True,TNC-2020-04,False,,,,,,,,True,True,10000.0,3.0,,defaultLightBlue,False,"[{'LaneNumber': -1, 'TrackPercentage': 0.12}, {'LaneNumber': 1, 'TrackPercentage': 0.26}, {'LaneNumber': -1, 'TrackPercentage': 0.42}, {'LaneNumber': 1, 'TrackPercentage': 0.58}, {'LaneNumber': -1, 'TrackPercentage': 0.68}, {'LaneNumber': 1, 'TrackPercentage': 0.98}]",6.0,BOX,3.0,2.0,,,,,CLOSED_INVITATION,ALL,True,"virtual,virtual-reinvent-2020-ko2",,,
47,arn:aws:deepracer:::leaderboard/8534ec0b-554a-417c-bf13-c91b75a87c13,Knockout Group 3,Competitors from Europe and the Middle East attempt to finish the race as quickly as possible while avoiding penalties for collision and driving off track.,1606915800000,1606921200000,arn:aws:deepracer:us-east-1::track/Monaco,CLOSED,1,15,13,OBJECT_AVOIDANCE,VISIBLE,BEST_LAP_TIME,REINVENT_2020,True,TNC-2020-04,False,,,,,,,,True,True,10000.0,3.0,,defaultLightBlue,False,"[{'LaneNumber': -1, 'TrackPercentage': 0.12}, {'LaneNumber': 1, 'TrackPercentage': 0.26}, {'LaneNumber': -1, 'TrackPercentage': 0.42}, {'LaneNumber': 1, 'TrackPercentage': 0.58}, {'LaneNumber': -1, 'TrackPercentage': 0.68}, {'LaneNumber': 1, 'TrackPercentage': 0.98}]",6.0,BOX,3.0,2.0,,,,,CLOSED_INVITATION,ALL,True,"virtual,virtual-reinvent-2020-ko3",,,
48,arn:aws:deepracer:::leaderboard/c615fde3-4122-499c-8926-d8214d96ca98,Knockout Group 4,Competitors from the United States and Canada attempt to finish the race as quickly as possible while avoiding penalties for collision and driving off track.,1606926600000,1606936200000,arn:aws:deepracer:us-east-1::track/Monaco,CLOSED,1,15,11,OBJECT_AVOIDANCE,VISIBLE,BEST_LAP_TIME,REINVENT_2020,True,TNC-2020-04,False,,,,,,,,True,True,10000.0,3.0,,defaultLightBlue,False,"[{'LaneNumber': -1, 'TrackPercentage': 0.12}, {'LaneNumber': 1, 'TrackPercentage': 0.26}, {'LaneNumber': -1, 'TrackPercentage': 0.42}, {'LaneNumber': 1, 'TrackPercentage': 0.58}, {'LaneNumber': -1, 'TrackPercentage': 0.68}, {'LaneNumber': 1, 'TrackPercentage': 0.98}]",6.0,BOX,3.0,2.0,,,,,CLOSED_INVITATION,ALL,True,"virtual,virtual-reinvent-2020-ko4",,,
49,arn:aws:deepracer:::leaderboard/d2342a59-1bb6-4bf4-ae38-980a0927fa88,Knockout Group 5,Competitors from Singapore and Vietnam attempt to finish the race as quickly as possible while avoiding penalties for collision and driving off track.,1606959000000,1606975200000,arn:aws:deepracer:us-east-1::track/Monaco,CLOSED,1,15,10,OBJECT_AVOIDANCE,VISIBLE,BEST_LAP_TIME,REINVENT_2020,True,TNC-2020-04,False,,,,,,,,True,True,10000.0,3.0,,defaultLightBlue,False,"[{'LaneNumber': -1, 'TrackPercentage': 0.12}, {'LaneNumber': 1, 'TrackPercentage': 0.26}, {'LaneNumber': -1, 'TrackPercentage': 0.42}, {'LaneNumber': 1, 'TrackPercentage': 0.58}, {'LaneNumber': -1, 'TrackPercentage': 0.68}, {'LaneNumber': 1, 'TrackPercentage': 0.98}]",6.0,BOX,3.0,2.0,,,,,CLOSED_INVITATION,ALL,True,"virtual,virtual-reinvent-2020-ko5",,,
50,arn:aws:deepracer:::leaderboard/a9d22044-9e28-486e-94f6-fbbd730744e5,Knockout Group 6,"Competitors from Europe, the Middle East, and the Americas attempt to finish the race as quickly as possible while avoiding penalties for collision and driving off track.",1607002200000,1607011200000,arn:aws:deepracer:us-east-1::track/Monaco,CLOSED,1,15,12,OBJECT_AVOIDANCE,VISIBLE,BEST_LAP_TIME,REINVENT_2020,True,TNC-2020-04,False,,,,,,,,True,True,10000.0,3.0,,defaultLightBlue,False,"[{'LaneNumber': -1, 'TrackPercentage': 0.12}, {'LaneNumber': 1, 'TrackPercentage': 0.26}, {'LaneNumber': -1, 'TrackPercentage': 0.42}, {'LaneNumber': 1, 'TrackPercentage': 0.58}, {'LaneNumber': -1, 'TrackPercentage': 0.68}, {'LaneNumber': 1, 'TrackPercentage': 0.98}]",6.0,BOX,3.0,2.0,,,,,CLOSED_INVITATION,ALL,True,"virtual,virtual-reinvent-2020-ko6",,,
51,arn:aws:deepracer:::leaderboard/96227f13-beaa-4250-8f34-4c44f82c6bfe,Bracket of 32,Two racers face off Head-to-head in tournament-style bracket races. The first racer to cross the finish line advances to the next race until eight racers remain.,1607039880000,1607039999000,arn:aws:deepracer:us-east-1::track/Monaco,CLOSED,5,5,0,HEAD_TO_HEAD_RACING,VISIBLE,TOTAL_TIME,REINVENT_2020,True,TNC-2020-04,False,,BOT_VEHICLE,1.0,1.0,False,,,True,True,10000.0,5.0,TOURNAMENT,defaultLightBlue,,,,,5.0,5.0,,1607126400000.0,,,CLOSED_INVITATION,ALL,True,,,,
52,arn:aws:deepracer:::leaderboard/15576a60-7a91-4c8c-81e8-b90d00900c8f,Knockout Group 7,"Competitors from Hong Kong, Singapore, and the Philippines attempt to finish the race as quickly as possible while avoiding penalties for collision and driving off track.",1607041800000,1607046000000,arn:aws:deepracer:us-east-1::track/Monaco,CLOSED,1,15,9,OBJECT_AVOIDANCE,VISIBLE,BEST_LAP_TIME,REINVENT_2020,True,TNC-2020-04,False,,,,,,,,True,True,10000.0,3.0,,defaultLightBlue,False,"[{'LaneNumber': -1, 'TrackPercentage': 0.12}, {'LaneNumber': 1, 'TrackPercentage': 0.26}, {'LaneNumber': -1, 'TrackPercentage': 0.42}, {'LaneNumber': 1, 'TrackPercentage': 0.58}, {'LaneNumber': -1, 'TrackPercentage': 0.68}, {'LaneNumber': 1, 'TrackPercentage': 0.98}]",6.0,BOX,3.0,2.0,,,,,CLOSED_INVITATION,ALL,True,"virtual,virtual-reinvent-2020-ko7",,,
53,arn:aws:deepracer:::leaderboard/c9fcf379-33e8-4e30-8a5d-bf0f5f9c9441,Knockout Group 8,Competitors from India and Wildcard winners attempt to finish the race as quickly as possible while avoiding penalties for collision and driving off track.,1607049000000,1607056800000,arn:aws:deepracer:us-east-1::track/Monaco,CLOSED,1,15,10,OBJECT_AVOIDANCE,VISIBLE,BEST_LAP_TIME,REINVENT_2020,True,TNC-2020-04,False,,,,,,,,True,True,10000.0,3.0,,defaultLightBlue,False,"[{'LaneNumber': -1, 'TrackPercentage': 0.12}, {'LaneNumber': 1, 'TrackPercentage': 0.26}, {'LaneNumber': -1, 'TrackPercentage': 0.42}, {'LaneNumber': 1, 'TrackPercentage': 0.58}, {'LaneNumber': -1, 'TrackPercentage': 0.68}, {'LaneNumber': 1, 'TrackPercentage': 0.98}]",6.0,BOX,3.0,2.0,,,,,CLOSED_INVITATION,ALL,True,"virtual,virtual-reinvent-2020-ko8",,,
54,arn:aws:deepracer:::leaderboard/1ae1d976-03d7-449c-a3cc-08c0c0047a9d,Grand Prix Final,"The final eight racers face off Head-to-head in an 8 car, 5-lap Grand Prix Final for the Championship title. ",1607212680000,1607212799000,arn:aws:deepracer:us-east-1::track/Singapore,CLOSED,5,5,0,HEAD_TO_HEAD_RACING,VISIBLE,TOTAL_TIME,REINVENT_2020,True,TNC-2020-04,False,,BOT_VEHICLE,1.0,1.0,False,,,True,True,10000.0,5.0,GRANDPRIX,defaultLightBlue,,,,,5.0,5.0,arn:aws:deepracer:::leaderboard/e256e06d-c237-4588-bc33-d7cb4620e7d8,1608047320000.0,1608047320000.0,,CLOSED_INVITATION,ALL,True,"virtual,Virtual-reinvent-2020-gp",,,
55,arn:aws:deepracer:::leaderboard/12c54b0a-e0bf-40ed-aa91-d1ae1dff10ac,reInvent Open Race,"Open to all re:Invent attendees, all participants will receive a limited edition digital car reward, and the top 5 racers will receive a DeepRacer Evo (subject to eligibility).",1606780800000,1609459199000,arn:aws:deepracer:us-east-1::track/Monaco,CLOSED,3,3,128,OBJECT_AVOIDANCE,VISIBLE,TOTAL_TIME,VIRTUAL,False,TNC-2020-04,False,,,,,,,,True,True,10000.0,5.0,,defaultLightBlue,True,"[{'LaneNumber': -1, 'TrackPercentage': 0.0}, {'LaneNumber': 1, 'TrackPercentage': 0.1}, {'LaneNumber': -1, 'TrackPercentage': 0.2}, {'LaneNumber': 1, 'TrackPercentage': 0.3}, {'LaneNumber': -1, 'TrackPercentage': 0.4}, {'LaneNumber': 1, 'TrackPercentage': 0.5}]",6.0,BOX,5.0,5.0,,,,,ALL,ALL,True,"virtual,virtual-reinvent-2020-open-oa",,,
56,arn:aws:deepracer:::leaderboard/4f83061c-7fc5-418c-a280-6abac8576659,reInvent Open Race,"Open to all re:Invent attendees, all participants will receive a limited edition digital car reward, and the top 5 racers will receive a DeepRacer Evo (subject to eligibility).",1606780800000,1609459199000,arn:aws:deepracer:us-east-1::track/Monaco,CLOSED,3,3,828,TIME_TRIAL,VISIBLE,TOTAL_TIME,VIRTUAL,False,TNC-2020-04,False,,,,,,,,True,True,10000.0,5.0,,defaultLightBlue,,,,,5.0,5.0,,,,,ALL,ALL,True,"virtual,virtual-reinvent-2020-open-tt",,,
57,arn:aws:deepracer:::leaderboard/aab4a00b-d2fb-43ab-88d9-7a8cd8ee2922,reInvent Open Race,"Open to all re:Invent attendees, all participants will receive a limited edition digital car reward, and the top 5 racers will receive a DeepRacer Evo (subject to eligibility).",1606780800000,1609459199000,arn:aws:deepracer:us-east-1::track/Monaco,CLOSED,3,3,150,HEAD_TO_HEAD_RACING,VISIBLE,TOTAL_TIME,VIRTUAL,False,TNC-2020-04,False,,BOT_VEHICLE,6.0,1.0,False,,,True,True,10000.0,5.0,,defaultLightBlue,,,,,5.0,5.0,,,,,ALL,ALL,True,"virtual,virtual-reinvent-2020-open-h2h",,,
58,arn:aws:deepracer:::leaderboard/d4256a2d-8bb3-4727-817b-8be0b2e0e2ac,2021 Pre-season,Finish the race as quickly as possible and stay on track to not be penalized. ,1609718400000,1612137599000,arn:aws:deepracer:us-east-1::track/Singapore_building,CLOSED,3,3,467,TIME_TRIAL,VISIBLE,BEST_LAP_TIME,VIRTUAL,False,TNC-2020-04,False,,,,,,,,True,True,10000.0,5.0,,defaultLightBlue,,,,,5.0,5.0,,,,,ALL,ALL,True,"virtual,virtual-preseason-2021-tt",,,
59,arn:aws:deepracer:::leaderboard/fcdb9ab2-5493-4a5f-950a-31859571de45,2021 pre-season qualifier,Finish the race as quickly as possible and stay on track to not be penalized. ,1612137600000,1614556799000,arn:aws:deepracer:us-east-1::track/Monaco,CLOSED,3,3,752,TIME_TRIAL,VISIBLE,TOTAL_TIME,VIRTUAL,False,TNC-2021-02,False,,,,,,,,True,True,10000.0,5.0,,openBlack,,,,,5.0,3.0,,,,,ALL,ALL,True,,,,
60,arn:aws:deepracer:::leaderboard/86eb6d2e-72ad-4443-8b40-fb67514f5afe,March Qualifier,"Finish the race as quickly as possible and avoid the collisions with the bots and going off-track, as both will be penalized.",1614563400000,1617235199000,arn:aws:deepracer:us-east-1::track/penbay_pro,CLOSED,3,3,70,HEAD_TO_HEAD_RACING,VISIBLE,TOTAL_TIME,VIRTUAL,False,TNC-2021-03,False,,BOT_VEHICLE,4.0,2.0,False,,,True,True,10000.0,5.0,LIVE,proPurple,,,,,5.0,5.0,arn:aws:deepracer:::leaderboard/466ad055-0f74-4b3f-8310-119ca00b9eae,,,,ALL,ALL,True,"virtual,2021-03-pro",PRO,PRO,
61,arn:aws:deepracer:::leaderboard/b565dc23-55c4-4a7e-8610-62fb6fd7a5f3,March Qualifier,Finish the race as quickly as possible and stay on track to not be penalized,1614563400000,1617235199000,arn:aws:deepracer:us-east-1::track/penbay_open,CLOSED,3,3,972,TIME_TRIAL,VISIBLE,TOTAL_TIME,VIRTUAL,False,TNC-2021-03,False,,,,,,,,True,True,10000.0,5.0,,openBlack,,,,,5.0,5.0,,,,,ALL,ALL,True,"virtual,2021-03-open",OPEN,OPEN,
62,arn:aws:deepracer:::leaderboard/466ad055-0f74-4b3f-8310-119ca00b9eae,March Qualifier,"Finish the race as quickly as possible and avoid the collisions with obstacles and going off-track, as both will be penalized.",1617927300000,1617937800000,arn:aws:deepracer:us-east-1::track/penbay_pro,CLOSED,1,15,16,OBJECT_AVOIDANCE,VISIBLE,BEST_LAP_TIME,VIRTUAL,True,TNC-2021-03,False,,,,,,,,True,True,10000.0,5.0,,proTwitchPurple,False,"[{'LaneNumber': -1, 'TrackPercentage': 0.08}, {'LaneNumber': 1, 'TrackPercentage': 0.22}, {'LaneNumber': -1, 'TrackPercentage': 0.5}, {'LaneNumber': 1, 'TrackPercentage': 0.87}]",4.0,BOX,5.0,5.0,,,,,CLOSED_INVITATION,ALL,True,,PRO,PRO,
63,arn:aws:deepracer:::leaderboard/0e96bcaf-55f6-4c7f-bb04-680a517df0d7,April Qualifier,Finish the race as quickly as possible and stay on track to not be penalized,1617242400000,1619827199000,arn:aws:deepracer:us-east-1::track/thunder_hill_open,CLOSED,3,3,1075,TIME_TRIAL,VISIBLE,TOTAL_TIME,VIRTUAL,False,TNC-2021-03,False,,,,,,,,True,True,10000.0,5.0,,openBlack,,,,,5.0,5.0,,,,,ALL,ALL,True,"virtual,2021-04-open",OPEN,OPEN,
64,arn:aws:deepracer:::leaderboard/765677a6-1423-41b2-aa54-02313d8466cd,April Qualifier,"Finish the race as quickly as possible and avoid the collisions with obstacles and going off-track, as both will be penalized.",1617242400000,1619827199000,arn:aws:deepracer:us-east-1::track/thunder_hill_pro,CLOSED,3,3,119,HEAD_TO_HEAD_RACING,VISIBLE,TOTAL_TIME,VIRTUAL,False,TNC-2021-03,False,,BOT_VEHICLE,4.0,1.0,False,,,True,True,10000.0,5.0,LIVE,proPurple,,,,,5.0,5.0,arn:aws:deepracer:::leaderboard/d7911e8f-5c8a-4eb2-8870-c9fe60957791,,,,ALL,ALL,True,"virtual,2021-04-pro",PRO,PRO,
65,arn:aws:deepracer:::leaderboard/d7911e8f-5c8a-4eb2-8870-c9fe60957791,April Qualifier,"Finish the race as quickly as possible and avoid the collisions with obstacles and going off-track, as both will be penalized.",1620950220000,1620963000000,arn:aws:deepracer:us-east-1::track/thunder_hill_pro,CLOSED,1,15,16,OBJECT_AVOIDANCE,VISIBLE,BEST_LAP_TIME,VIRTUAL,True,TNC-2021-03,False,,,,,,,,True,True,10000.0,5.0,,proTwitchPurple,False,"[{'LaneNumber': 1, 'TrackPercentage': 0.15}, {'LaneNumber': 1, 'TrackPercentage': 0.33}, {'LaneNumber': 1, 'TrackPercentage': 0.62}, {'LaneNumber': -1, 'TrackPercentage': 0.78}]",4.0,BOX,5.0,5.0,,,,,CLOSED_INVITATION,ALL,True,,PRO,PRO,
66,arn:aws:deepracer:::leaderboard/286c89be-5d24-4e58-94eb-963689309459,May Qualifier,"Finish the race as quickly as possible and avoid the collisions with obstacles and going off-track, as both will be penalized.",1619912820000,1622462340000,arn:aws:deepracer:us-east-1::track/hamption_pro,CLOSED,1,15,16,OBJECT_AVOIDANCE,VISIBLE,BEST_LAP_TIME,VIRTUAL,True,TNC-2021-03,False,,,,,,,,True,True,10000.0,3.0,,proTwitchPurple,False,"[{'LaneNumber': -1, 'TrackPercentage': 0.1}, {'LaneNumber': 1, 'TrackPercentage': 0.36}, {'LaneNumber': -1, 'TrackPercentage': 0.75}, {'LaneNumber': 1, 'TrackPercentage': 0.91}]",4.0,BOX,3.0,3.0,,,,,CLOSED_INVITATION,ALL,True,,PRO,PRO,
67,arn:aws:deepracer:::leaderboard/12205240-3976-4cd3-825a-969bbe909648,May Qualifier,Finish the race as quickly as possible and stay on track to not be penalized,1619830800000,1622505599000,arn:aws:deepracer:us-east-1::track/hamption_open,CLOSED,3,3,563,TIME_TRIAL,VISIBLE,TOTAL_TIME,VIRTUAL,False,TNC-2021-03,False,,,,,,,,True,True,10000.0,5.0,,openBlack,,,,,5.0,5.0,,,,,ALL,ALL,True,"virtual,2021-05-open",OPEN,OPEN,
68,arn:aws:deepracer:::leaderboard/948918ed-a1a4-41fc-98bb-08bfa87dabd0,May Qualifier,"Finish the race as quickly as possible and avoid the collisions with obstacles and going off-track, as both will be penalized.",1619830800000,1622505599000,arn:aws:deepracer:us-east-1::track/hamption_pro,CLOSED,3,3,131,HEAD_TO_HEAD_RACING,VISIBLE,TOTAL_TIME,VIRTUAL,False,TNC-2021-03,False,,BOT_VEHICLE,4.0,1.0,False,,,True,True,10000.0,5.0,LIVE,proPurple,,,,,5.0,5.0,arn:aws:deepracer:::leaderboard/286c89be-5d24-4e58-94eb-963689309459,,,,ALL,ALL,True,"virtual,2021-05-pro",PRO,PRO,
69,arn:aws:deepracer:::leaderboard/33816f04-2112-4664-9631-e758051de31e,June Qualifier,Finish the race as quickly as possible and stay on track to not be penalized.,1622506380000,1625097599000,arn:aws:deepracer:us-east-1::track/jyllandsringen_pro,CLOSED,3,3,128,HEAD_TO_HEAD_RACING,VISIBLE,TOTAL_TIME,VIRTUAL,False,TNC-2021-03,False,,BOT_VEHICLE,4.0,2.0,True,4.0,6.0,True,True,10000.0,5.0,LIVE,proPurple,,,,,5.0,5.0,arn:aws:deepracer:::leaderboard/e32329fc-8592-4cc0-a99f-707b8940e734,,,,ALL,ALL,True,"virtual,2021-06-pro",PRO,PRO,
70,arn:aws:deepracer:::leaderboard/e60e046e-1836-4f83-9d11-0ef3bb5c5fe5,June Qualifier,Finish the race as quickly as possible and stay on track to not be penalized.,1622505600000,1625097599000,arn:aws:deepracer:us-east-1::track/jyllandsringen_open,CLOSED,3,3,1133,TIME_TRIAL,VISIBLE,TOTAL_TIME,VIRTUAL,False,TNC-2021-03,False,,,,,,,,True,True,10000.0,5.0,,openBlack,,,,,5.0,5.0,,,,,ALL,ALL,True,"virtual,2021-06-open",OPEN,OPEN,
71,arn:aws:deepracer:::leaderboard/e32329fc-8592-4cc0-a99f-707b8940e734,June Qualifier,Finish the race as quickly as possible and stay on track to not be penalized.,1625786700000,1625835599000,arn:aws:deepracer:us-east-1::track/jyllandsringen_pro,CLOSED,1,15,16,OBJECT_AVOIDANCE,VISIBLE,BEST_LAP_TIME,VIRTUAL,True,TNC-2021-03,False,,,,,,,,True,True,10000.0,3.0,,proTwitchPurple,False,"[{'LaneNumber': -1, 'TrackPercentage': 0.25}, {'LaneNumber': 1, 'TrackPercentage': 0.44}, {'LaneNumber': -1, 'TrackPercentage': 0.63}, {'LaneNumber': 1, 'TrackPercentage': 0.76}, {'LaneNumber': -1, 'TrackPercentage': 0.89}]",5.0,BOX,3.0,3.0,,,,,CLOSED_INVITATION,ALL,True,,PRO,PRO,
72,arn:aws:deepracer:::leaderboard/a5132954-b546-4ae6-89e0-3c9711ac6980,July Qualifier,Finish the race as quickly as possible and stay on track to not be penalized.,1625097605000,1627775940000,arn:aws:deepracer:us-east-1::track/dubai_pro,CLOSED,3,3,131,HEAD_TO_HEAD_RACING,VISIBLE,TOTAL_TIME,VIRTUAL,False,TNC-2021-03,False,,BOT_VEHICLE,4.0,2.0,False,,,False,True,10000.0,5.0,LIVE,proPurple,,,,,5.0,3.0,arn:aws:deepracer:::leaderboard/6c8c590e-9927-48c9-b9c9-78ea50b54e6f,,,,ALL,ALL,True,"virtual,2021-07-pro",PRO,PRO,
73,arn:aws:deepracer:::leaderboard/daf37cc4-940d-430f-87b5-ec2ec9e109af,July Qualifier,Finish the race as quickly as possible and stay on track to not be penalized.,1625097605000,1627775999000,arn:aws:deepracer:us-east-1::track/dubai_open,CLOSED,3,3,2433,TIME_TRIAL,VISIBLE,TOTAL_TIME,VIRTUAL,False,TNC-2021-03,False,,,,,,,,False,True,10000.0,5.0,,openBlack,,,,,5.0,5.0,,,,,ALL,ALL,True,"virtual,2021-07-open",OPEN,OPEN,
74,arn:aws:deepracer:::leaderboard/6c8c590e-9927-48c9-b9c9-78ea50b54e6f,July Qualifier,"Finish the race as quickly as possible and avoid the collisions with obstacles and going off-track, as both will be penalized.",1628811000000,1628825400000,arn:aws:deepracer:us-east-1::track/dubai_pro,CLOSED,1,15,15,OBJECT_AVOIDANCE,VISIBLE,BEST_LAP_TIME,VIRTUAL,True,TNC-2021-03,False,,,,,,,,True,True,10000.0,3.0,,proTwitchPurple,False,"[{'LaneNumber': 1, 'TrackPercentage': 0.13}, {'LaneNumber': -1, 'TrackPercentage': 0.51}, {'LaneNumber': 1, 'TrackPercentage': 0.64}, {'LaneNumber': -1, 'TrackPercentage': 0.93}]",4.0,BOX,3.0,3.0,,,,,CLOSED_INVITATION,ALL,True,,PRO,PRO,
75,arn:aws:deepracer:::leaderboard/08433c0d-01d6-4ded-aca8-675fab8292cf,August Qualifier,Finish the race as quickly as possible and stay on track to not be penalized.,1627776000000,1630454340000,arn:aws:deepracer:us-east-1::track/arctic_pro,CLOSED,3,3,210,HEAD_TO_HEAD_RACING,VISIBLE,TOTAL_TIME,VIRTUAL,False,TNC-2021-03,False,,BOT_VEHICLE,4.0,2.0,False,,,False,True,10000.0,5.0,LIVE,proPurple,,,,,5.0,3.0,arn:aws:deepracer:::leaderboard/0d1c6ad8-643d-4239-88e6-f7926f579887,,,,ALL,ALL,True,"virtual,2021-08-pro",PRO,PRO,
76,arn:aws:deepracer:::leaderboard/27dc68bf-658c-47c0-b326-58382ba84084,August Qualifier,Finish the race as quickly as possible and stay on track to not be penalized.,1627776000000,1630454399000,arn:aws:deepracer:us-east-1::track/arctic_open,CLOSED,3,3,1635,TIME_TRIAL,VISIBLE,TOTAL_TIME,VIRTUAL,False,TNC-2021-03,False,,,,,,,,False,True,10000.0,5.0,,openBlack,,,,,5.0,5.0,,,,,ALL,ALL,True,"virtual,2021-08-open",OPEN,OPEN,
77,arn:aws:deepracer:::leaderboard/0d1c6ad8-643d-4239-88e6-f7926f579887,August Qualifier,Finish the race as quickly as possible and stay on track to not be penalized.,1631224500000,1631243171276,arn:aws:deepracer:us-east-1::track/arctic_pro,CLOSED,1,15,14,OBJECT_AVOIDANCE,VISIBLE,BEST_LAP_TIME,VIRTUAL,True,TNC-2021-03,False,,,,,,,,True,True,10000.0,3.0,,proTwitchPurple,False,"[{'LaneNumber': -1, 'TrackPercentage': 0.23}, {'LaneNumber': 1, 'TrackPercentage': 0.4}, {'LaneNumber': -1, 'TrackPercentage': 0.81}, {'LaneNumber': 1, 'TrackPercentage': 0.56}, {'LaneNumber': -1, 'TrackPercentage': 0.95}]",5.0,BOX,3.0,3.0,,,,,CLOSED_INVITATION,ALL,True,,PRO,PRO,
78,arn:aws:deepracer:::leaderboard/9f2d829b-888d-4fc1-ba83-215ce4c01851,September Qualifier,Finish the race as quickly as possible and stay on track to not be penalized.,1630454400000,1633046340000,arn:aws:deepracer:us-east-1::track/morgan_pro,CLOSED,3,3,208,HEAD_TO_HEAD_RACING,VISIBLE,TOTAL_TIME,VIRTUAL,False,TNC-2021-03,False,,BOT_VEHICLE,5.0,3.0,False,,,False,True,10000.0,5.0,LIVE,proPurple,,,,,5.0,3.0,arn:aws:deepracer:::leaderboard/c4a29839-21f9-4f35-8866-0a4e2422712b,,,,ALL,ALL,True,"virtual,2021-09-pro",PRO,PRO,
79,arn:aws:deepracer:::leaderboard/56eb54a4-edd6-4770-9e6b-a23f1df5d879,September Qualifier,Finish the race as quickly as possible and stay on track to not be penalized.,1630454400000,1633046399000,arn:aws:deepracer:us-east-1::track/morgan_open,CLOSED,3,3,1941,TIME_TRIAL,VISIBLE,TOTAL_TIME,VIRTUAL,False,TNC-2021-03,False,,,,,,,,False,True,10000.0,5.0,,openBlack,,,,,5.0,3.0,,,,,ALL,ALL,True,"virtual,2021-09-open",OPEN,OPEN,
80,arn:aws:deepracer:::leaderboard/69ba1099-1716-4cfb-9f94-cd4b0151bcfd,September AV Test,Finish the race as quickly as possible and stay on track to not be penalized.,1634144400000,1634227259000,arn:aws:deepracer:us-east-1::track/morgan_pro,CLOSED,1,15,1,OBJECT_AVOIDANCE,VISIBLE,BEST_LAP_TIME,VIRTUAL,True,TNC-2021-03,False,,,,,,,,True,True,10000.0,3.0,,proTwitchPurple,False,"[{'LaneNumber': -1, 'TrackPercentage': 0.21}, {'LaneNumber': 1, 'TrackPercentage': 0.36}, {'LaneNumber': -1, 'TrackPercentage': 0.55}, {'LaneNumber': 1, 'TrackPercentage': 0.76}, {'LaneNumber': -1, 'TrackPercentage': 0.89}]",5.0,BOX,3.0,3.0,,,,,CLOSED_INVITATION,ALL,True,,OPEN,OPEN,
81,arn:aws:deepracer:::leaderboard/c4a29839-21f9-4f35-8866-0a4e2422712b,September Qualifier,Finish the race as quickly as possible and stay on track to not be penalized.,1634252400000,1634272200000,arn:aws:deepracer:us-east-1::track/morgan_pro,CLOSED,1,15,16,OBJECT_AVOIDANCE,VISIBLE,BEST_LAP_TIME,VIRTUAL,True,TNC-2021-03,False,,,,,,,,True,True,10000.0,3.0,,proTwitchPurple,False,"[{'LaneNumber': -1, 'TrackPercentage': 0.19}, {'LaneNumber': 1, 'TrackPercentage': 0.43}, {'LaneNumber': -1, 'TrackPercentage': 0.59}, {'LaneNumber': 1, 'TrackPercentage': 0.72}, {'LaneNumber': -1, 'TrackPercentage': 0.83}]",5.0,BOX,3.0,3.0,,,,,CLOSED_INVITATION,ALL,True,,PRO,PRO,
82,arn:aws:deepracer:::leaderboard/3f4f0e17-37eb-4363-bb9a-3bf1eafdc96b,October Qualifier,Finish the race as quickly as possible and stay on track to not be penalized.,1633046400000,1635724740000,arn:aws:deepracer:us-east-1::track/red_star_pro,CLOSED,3,3,231,HEAD_TO_HEAD_RACING,VISIBLE,TOTAL_TIME,VIRTUAL,False,TNC-2021-03,False,,BOT_VEHICLE,4.0,4.0,False,,,False,True,10000.0,5.0,LIVE,proPurple,,,,,5.0,3.0,arn:aws:deepracer:::leaderboard/38010b1b-0790-4a75-95be-be373bb30710,,,,ALL,ALL,True,"virtual,2021-10-pro",PRO,PRO,
83,arn:aws:deepracer:::leaderboard/d8bda217-073a-4157-b37a-e1433b8439f6,October Qualifier,Finish the race as quickly as possible and stay on track to not be penalized.,1633046400000,1635724799000,arn:aws:deepracer:us-east-1::track/red_star_open,CLOSED,3,3,2806,TIME_TRIAL,VISIBLE,TOTAL_TIME,VIRTUAL,False,TNC-2021-03,False,,,,,,,,False,True,10000.0,5.0,,openBlack,,,,,5.0,3.0,,,,,ALL,ALL,True,"virtual,2021-10-open",OPEN,OPEN,
84,arn:aws:deepracer:::leaderboard/38010b1b-0790-4a75-95be-be373bb30710,October Qualifier,Finish the race as quickly as possible and stay on track to not be penalized.,1636546500000,1636691400000,arn:aws:deepracer:us-east-1::track/red_star_pro,CLOSED,1,15,14,OBJECT_AVOIDANCE,VISIBLE,BEST_LAP_TIME,VIRTUAL,True,TNC-2021-03,False,,,,,,,,True,True,10000.0,3.0,,proTwitchPurple,False,"[{'LaneNumber': -1, 'TrackPercentage': 0.17}, {'LaneNumber': 1, 'TrackPercentage': 0.39}, {'LaneNumber': -1, 'TrackPercentage': 0.62}, {'LaneNumber': 1, 'TrackPercentage': 0.72}, {'LaneNumber': 1, 'TrackPercentage': 0.81}]",5.0,BOX,3.0,3.0,,,,,CLOSED_INVITATION,ALL,True,,PRO,PRO,
85,arn:aws:deepracer:::leaderboard/08db3006-f491-48b4-a238-926c6465e5d8,Wildcard,Wildcard race,1635724800000,1636934399000,arn:aws:deepracer:us-east-1::track/caecer_gp,CLOSED,3,3,241,TIME_TRIAL,VISIBLE,TOTAL_TIME,REINVENT_2020,False,TNC-2021-03,False,,,,,,,,True,True,10000.0,5.0,,proPurple,,,,,5.0,3.0,,,,,ALL,ALL,True,"virtual,virtual-reinvent-2021-wc3",,,
86,arn:aws:deepracer:::leaderboard/93081279-5194-4bc9-b8fd-cc47c55fda18,Knockouts,EMEA,1637157600000,1637168400000,arn:aws:deepracer:us-east-1::track/caecer_gp,CLOSED,1,15,9,OBJECT_AVOIDANCE,VISIBLE,BEST_LAP_TIME,REINVENT_2020,True,TNC-2021-03,False,,,,,,,,True,True,10000.0,3.0,,proPurple,False,"[{'LaneNumber': 1, 'TrackPercentage': 0.13}, {'LaneNumber': -1, 'TrackPercentage': 0.24}, {'LaneNumber': -1, 'TrackPercentage': 0.39}, {'LaneNumber': 1, 'TrackPercentage': 0.68}, {'LaneNumber': -1, 'TrackPercentage': 0.88}, {'LaneNumber': 1, 'TrackPercentage': 0.94}]",6.0,BOX,3.0,3.0,,,,,CLOSED_INVITATION,ALL,True,"virtual,virtual-reinvent-2021-ko1",,,
87,arn:aws:deepracer:::leaderboard/0094f331-5d0c-4d5d-b790-994376595e5b,Knockouts,AMER,1637190000000,1637200800000,arn:aws:deepracer:us-east-1::track/caecer_gp,CLOSED,1,15,10,OBJECT_AVOIDANCE,VISIBLE,BEST_LAP_TIME,REINVENT_2020,True,TNC-2021-03,False,,,,,,,,True,True,10000.0,3.0,,proPurple,False,"[{'LaneNumber': -1, 'TrackPercentage': 0.08}, {'LaneNumber': 1, 'TrackPercentage': 0.19}, {'LaneNumber': 1, 'TrackPercentage': 0.29}, {'LaneNumber': -1, 'TrackPercentage': 0.44}, {'LaneNumber': 1, 'TrackPercentage': 0.79}, {'LaneNumber': 1, 'TrackPercentage': 0.95}]",6.0,BOX,3.0,3.0,,,,,CLOSED_INVITATION,ALL,True,"virtual,virtual-reinvent-2021-ko2",,,
88,arn:aws:deepracer:::leaderboard/4d788609-767d-4cb0-ab28-e3ba704a011b,Knockouts,APAC,1637199000000,1637211600000,arn:aws:deepracer:us-east-1::track/caecer_gp,CLOSED,1,15,9,OBJECT_AVOIDANCE,VISIBLE,BEST_LAP_TIME,REINVENT_2020,True,TNC-2021-03,False,,,,,,,,True,True,10000.0,3.0,,proPurple,False,"[{'LaneNumber': -1, 'TrackPercentage': 0.12}, {'LaneNumber': 1, 'TrackPercentage': 0.22}, {'LaneNumber': 1, 'TrackPercentage': 0.43}, {'LaneNumber': -1, 'TrackPercentage': 0.54}, {'LaneNumber': -1, 'TrackPercentage': 0.79}, {'LaneNumber': -1, 'TrackPercentage': 0.87}]",6.0,BOX,3.0,3.0,,,,,CLOSED_INVITATION,ALL,True,"virtual,virtual-reinvent-2021-ko3",,,
89,arn:aws:deepracer:::leaderboard/ea55e9b6-ce22-4d23-8293-f3778cbdf4f9,Knockouts,APAC II,1637332200000,1637340748471,arn:aws:deepracer:us-east-1::track/caecer_gp,CLOSED,1,15,8,OBJECT_AVOIDANCE,VISIBLE,BEST_LAP_TIME,REINVENT_2020,True,TNC-2021-03,False,,,,,,,,True,True,10000.0,3.0,,proPurple,False,"[{'LaneNumber': -1, 'TrackPercentage': 0.14}, {'LaneNumber': -1, 'TrackPercentage': 0.27}, {'LaneNumber': 1, 'TrackPercentage': 0.34}, {'LaneNumber': 1, 'TrackPercentage': 0.54}, {'LaneNumber': -1, 'TrackPercentage': 0.78}, {'LaneNumber': 1, 'TrackPercentage': 0.91}]",6.0,BOX,3.0,3.0,,,,,CLOSED_INVITATION,ALL,True,"virtual,virtual-reinvent-2021-ko4",,,
90,arn:aws:deepracer:::leaderboard/ceb35f88-0cd5-457b-b4b9-f461809275c7,Bracket of 16,Top 16 Finale,1637583240000,1637647200000,arn:aws:deepracer:us-east-1::track/caecer_gp,CLOSED,1,3,16,HEAD_TO_HEAD_RACING,VISIBLE,BEST_LAP_TIME,REINVENT_2020,True,TNC-2021-03,False,,OPPONENT_VEHICLE,,,,,,True,True,10000.0,2.0,,proTwitchPurple,,,,,2.0,2.0,,,,,CLOSED_INVITATION,ALL,True,"virtual,virtual-reinvent-2021-b16",,,
91,arn:aws:deepracer:::leaderboard/cb808e78-f264-447a-b0fa-3eee4c71ac37,re:Invent 2021 Open Race,The Vivalas Loop perimeter features a modified oval full of high speed straightaways primed for passing and all out speed. ,1636934460000,1640995199000,arn:aws:deepracer:us-east-1::track/caecer_loop,CLOSED,3,3,1938,TIME_TRIAL,VISIBLE,TOTAL_TIME,VIRTUAL,False,TNC-2021-03,False,,,,,,,,True,True,10000.0,5.0,,proPurple,,,,,5.0,3.0,,,,,ALL,ALL,True,"virtual,virtual-reinvent-2021-open",,,
92,arn:aws:deepracer:::leaderboard/80ae12ea-25f3-42f4-b388-619e378f3406,2022 Pre-season ,Finish the race as quickly as possible and stay on track to not be penalized. ,1641321300000,1643673599000,arn:aws:deepracer:us-east-1::track/caecer_gp,CLOSED,3,3,733,TIME_TRIAL,VISIBLE,BEST_LAP_TIME,VIRTUAL,False,TNC-2021-03,False,,,,,,,,True,True,10000.0,5.0,,defaultLightBlue,,,,,5.0,3.0,,,,,ALL,ALL,True,virtual,,,
93,arn:aws:deepracer:::leaderboard/463824f5-78a6-4184-8bea-379e7b4219a1,2022 Preseason,Finish the race as quickly as possible and stay on track to not be penalized.,1643673600000,1646092799000,arn:aws:deepracer:us-east-1::track/2022_summit_speedway,CLOSED,3,3,1090,TIME_TRIAL,VISIBLE,TOTAL_TIME,VIRTUAL,False,TNC-2021-03,False,,,,,,,,True,True,10000.0,5.0,,openBlack,,,,,5.0,3.0,,,,,ALL,ALL,True,"virtual,virtual-preseason-2022-02",OPEN,OPEN,
94,arn:aws:deepracer:::leaderboard/052b198b-e34a-43ba-9541-a194e8674e94,March Qualifier 2022,Finish the race as quickly as possible and stay on track to not be penalized.,1646092800000,1648771199000,arn:aws:deepracer:us-east-1::track/2022_march_pro,CLOSED,3,3,82,HEAD_TO_HEAD_RACING,VISIBLE,TOTAL_TIME,VIRTUAL,False,TNC-2022-03,False,,BOT_VEHICLE,4.0,4.0,False,,,True,True,10000.0,3.0,LIVE,proPurple,,,,,3.0,3.0,arn:aws:deepracer:::leaderboard/8ca517d2-6a2c-46b4-91bb-f72b770f170e,,,,ALL,ALL,True,"virtual,virtual-season-2022-03-pro",PRO,PRO,
95,arn:aws:deepracer:::leaderboard/2487f90e-3cd5-48e0-a264-bb8a1742f54c,March Qualifier 2022,Finish the race as quickly as possible and stay on track to not be penalized.,1646092800000,1648771199000,arn:aws:deepracer:us-east-1::track/2022_march_open,CLOSED,3,3,1272,TIME_TRIAL,VISIBLE,TOTAL_TIME,VIRTUAL,False,TNC-2022-03,False,,,,,,,,True,True,10000.0,5.0,,openBlack,,,,,5.0,3.0,,,,,ALL,ALL,True,"virtual,virtual-season-2022-03",OPEN,OPEN,
96,arn:aws:deepracer:::leaderboard/8ca517d2-6a2c-46b4-91bb-f72b770f170e,March Qualifier 2022,Finish the race as quickly as possible and stay on track to not be penalized.,1649685660000,1649703600000,arn:aws:deepracer:us-east-1::track/2022_march_pro,CLOSED,1,15,16,OBJECT_AVOIDANCE,VISIBLE,BEST_LAP_TIME,VIRTUAL,True,TNC-2022-03,False,,,,,,,,True,True,10000.0,3.0,,proTwitchPurple,False,"[{'LaneNumber': -1, 'TrackPercentage': 0.23}, {'LaneNumber': 1, 'TrackPercentage': 0.34}, {'LaneNumber': -1, 'TrackPercentage': 0.55}, {'LaneNumber': 1, 'TrackPercentage': 0.72}, {'LaneNumber': 1, 'TrackPercentage': 0.88}]",5.0,BOX,3.0,3.0,,,,,CLOSED_INVITATION,ALL,True,,PRO,PRO,
97,arn:aws:deepracer:::leaderboard/1d5f46b1-a051-40fc-8716-aabd39e51d1e,April Qualifier 2022,Finish the race as quickly as possible and stay on track to not be penalized.,1648771500000,1651363199000,arn:aws:deepracer:us-east-1::track/2022_april_open,CLOSED,3,3,1728,TIME_TRIAL,VISIBLE,TOTAL_TIME,VIRTUAL,False,TNC-2022-03,False,,,,,,,,True,True,10000.0,5.0,,openBlack,,,,,5.0,3.0,,,,,ALL,ALL,True,"virtual,virtual-season-2022-04",OPEN,OPEN,
98,arn:aws:deepracer:::leaderboard/9f6ca6de-ecfa-467a-a7d9-c899a811a206,April Qualifier 2022,"Finish the race as quickly as possible and avoid the collisions with obstacles and going off-track, as both will be penalized.",1648771500000,1651363199000,arn:aws:deepracer:us-east-1::track/2022_april_pro,CLOSED,3,3,135,HEAD_TO_HEAD_RACING,VISIBLE,TOTAL_TIME,VIRTUAL,False,TNC-2022-03,False,,BOT_VEHICLE,4.0,4.0,False,,,True,True,10000.0,3.0,LIVE,proPurple,,,,,3.0,3.0,arn:aws:deepracer:::leaderboard/408f689f-1bf4-482f-8312-52fa2898b08e,,,,ALL,ALL,True,"virtual,virtual-season-2022-04-pro",PRO,PRO,
99,arn:aws:deepracer:::leaderboard/63a659dd-9d30-4096-bae4-b88be74d0891,April Qualifier 2022,Finish the race as quickly as possible and stay on track to not be penalized.,1652104560000,1652122800000,arn:aws:deepracer:us-east-1::track/2022_april_pro,CLOSED,1,15,15,OBJECT_AVOIDANCE,VISIBLE,BEST_LAP_TIME,VIRTUAL,True,TNC-2022-03,False,,,,,,,,True,True,10000.0,3.0,,proTwitchPurple,False,"[{'LaneNumber': -1, 'TrackPercentage': 0.15}, {'LaneNumber': 1, 'TrackPercentage': 0.41}, {'LaneNumber': -1, 'TrackPercentage': 0.59}, {'LaneNumber': 1, 'TrackPercentage': 0.86}]",4.0,BOX,3.0,3.0,,,,,CLOSED_INVITATION,ALL,True,,PRO,PRO,
100,arn:aws:deepracer:::leaderboard/7bbc2d59-af3c-4e06-ac51-e2c76d9f5734,May Qualifier 2022,"Finish the race as quickly as possible and avoid the collisions with obstacles and going off-track, as both will be penalized.",1651363200000,1654041599000,arn:aws:deepracer:us-east-1::track/2022_may_pro,CLOSED,3,3,164,HEAD_TO_HEAD_RACING,VISIBLE,TOTAL_TIME,VIRTUAL,False,TNC-2022-03,False,,BOT_VEHICLE,4.0,7.0,False,,,True,True,10000.0,3.0,LIVE,proPurple,,,,,3.0,3.0,arn:aws:deepracer:::leaderboard/fe2ec4f1-b220-4b83-ba3e-58e09c6478ed,,,,ALL,ALL,True,"virtual,virtual-season-2022-05-pro",PRO,PRO,
101,arn:aws:deepracer:::leaderboard/f22b0ea7-2fc0-43fa-8da8-0b902d663ce9,May Qualifier 2022,Finish the race as quickly as possible and stay on track to not be penalized.,1651363200000,1654041599000,arn:aws:deepracer:us-east-1::track/2022_may_open,CLOSED,3,3,2326,TIME_TRIAL,VISIBLE,TOTAL_TIME,VIRTUAL,False,TNC-2022-03,False,,,,,,,,True,True,10000.0,5.0,,openBlack,,,,,5.0,3.0,,,,,ALL,ALL,True,"virtual,virtual-season-2022-05",OPEN,OPEN,
102,arn:aws:deepracer:::leaderboard/fe2ec4f1-b220-4b83-ba3e-58e09c6478ed,May Qualifier 2022,Finish the race as quickly as possible and stay on track to not be penalized.,1655129940000,1655146800000,arn:aws:deepracer:us-east-1::track/2022_may_pro,CLOSED,1,15,16,OBJECT_AVOIDANCE,VISIBLE,BEST_LAP_TIME,VIRTUAL,True,TNC-2022-03,False,,,,,,,,True,True,10000.0,3.0,,proTwitchPurple,False,"[{'LaneNumber': -1, 'TrackPercentage': 0.13}, {'LaneNumber': 1, 'TrackPercentage': 0.24}, {'LaneNumber': 1, 'TrackPercentage': 0.37}, {'LaneNumber': -1, 'TrackPercentage': 0.52}, {'LaneNumber': -1, 'TrackPercentage': 0.76}]",5.0,BOX,3.0,3.0,,,,,CLOSED_INVITATION,ALL,True,,PRO,PRO,
103,arn:aws:deepracer:::leaderboard/75cf0a0f-6157-45a5-9ee4-b91ca7eeb030,June Qualifier 2022,Finish the race as quickly as possible and stay on track to not be penalized.,1654041600000,1656633599000,arn:aws:deepracer:us-east-1::track/2022_june_open,CLOSED,3,3,3160,TIME_TRIAL,VISIBLE,TOTAL_TIME,VIRTUAL,False,TNC-2022-03,False,,,,,,,,True,True,10000.0,5.0,,openBlack,,,,,5.0,3.0,,,,,ALL,ALL,True,"virtual,virtual-season-2022-06",OPEN,OPEN,
104,arn:aws:deepracer:::leaderboard/8fab8c08-66cd-4170-a0b0-ab2b464e42d9,June Qualifier 2022,"Finish the race as quickly as possible and avoid the collisions with obstacles and going off-track, as both will be penalized.",1654041600000,1656633599000,arn:aws:deepracer:us-east-1::track/2022_june_pro,CLOSED,3,3,215,HEAD_TO_HEAD_RACING,VISIBLE,TOTAL_TIME,VIRTUAL,False,TNC-2022-03,False,,BOT_VEHICLE,5.0,4.0,False,,,True,True,10000.0,3.0,LIVE,proPurple,,,,,3.0,3.0,arn:aws:deepracer:::leaderboard/458e6b62-b02b-47eb-b5c3-2fdaa68f9245,,,,ALL,ALL,True,"virtual,virtual-season-2022-06-pro",PRO,PRO,
105,arn:aws:deepracer:::leaderboard/458e6b62-b02b-47eb-b5c3-2fdaa68f9245,June Qualifier 2022,Finish the race as quickly as possible and stay on track to not be penalized.,1657550220000,1657566000000,arn:aws:deepracer:us-east-1::track/2022_june_pro,CLOSED,1,15,15,OBJECT_AVOIDANCE,VISIBLE,BEST_LAP_TIME,VIRTUAL,True,TNC-2022-03,False,,,,,,,,True,True,10000.0,3.0,,proTwitchPurple,False,"[{'LaneNumber': -1, 'TrackPercentage': 0.13}, {'LaneNumber': 1, 'TrackPercentage': 0.24}, {'LaneNumber': 1, 'TrackPercentage': 0.37}, {'LaneNumber': -1, 'TrackPercentage': 0.52}, {'LaneNumber': -1, 'TrackPercentage': 0.76}, {'LaneNumber': 1, 'TrackPercentage': 0.9}]",6.0,BOX,3.0,3.0,,,,,CLOSED_INVITATION,ALL,True,,PRO,PRO,
106,arn:aws:deepracer:::leaderboard/9f3966da-0616-4280-accb-14a1c43bdfeb,July Qualifier 2022,"Finish the race as quickly as possible and avoid the collisions with obstacles and going off-track, as both will be penalized.",1656633600000,1659311999000,arn:aws:deepracer:us-east-1::track/2022_july_pro,CLOSED,3,3,210,HEAD_TO_HEAD_RACING,VISIBLE,TOTAL_TIME,VIRTUAL,False,TNC-2022-03,False,,BOT_VEHICLE,4.0,4.0,False,,,True,True,10000.0,3.0,LIVE,proPurple,,,,,3.0,3.0,arn:aws:deepracer:::leaderboard/f7c6bdd5-7f37-47f8-b77f-1cea44300b22,,,,ALL,ALL,True,"virtual,virtual-season-2022-07-pro",PRO,PRO,
107,arn:aws:deepracer:::leaderboard/a9bd445e-dca8-4df1-8db1-4a49c2cad008,July Qualifier 2022,Finish the race as quickly as possible and stay on track to not be penalized.,1656633600000,1659311999000,arn:aws:deepracer:us-east-1::track/2022_july_open,CLOSED,3,3,4229,TIME_TRIAL,VISIBLE,TOTAL_TIME,VIRTUAL,False,TNC-2022-03,False,,,,,,,,True,True,10000.0,5.0,,openBlack,,,,,5.0,3.0,,,,,ALL,ALL,True,"virtual,virtual-season-2022-07",OPEN,OPEN,
108,arn:aws:deepracer:::leaderboard/f7c6bdd5-7f37-47f8-b77f-1cea44300b22,July Qualifier 2022,Finish the race as quickly as possible and stay on track to not be penalized.,1659968280000,1659985200000,arn:aws:deepracer:us-east-1::track/2022_july_pro,CLOSED,1,15,15,OBJECT_AVOIDANCE,VISIBLE,BEST_LAP_TIME,VIRTUAL,True,TNC-2022-03,False,,,,,,,,True,True,10000.0,3.0,,proTwitchPurple,False,"[{'LaneNumber': -1, 'TrackPercentage': 0.13}, {'LaneNumber': 1, 'TrackPercentage': 0.42}, {'LaneNumber': 1, 'TrackPercentage': 0.53}, {'LaneNumber': -1, 'TrackPercentage': 0.75}, {'LaneNumber': 1, 'TrackPercentage': 0.92}]",5.0,BOX,3.0,3.0,,,,,CLOSED_INVITATION,ALL,True,,PRO,PRO,
109,arn:aws:deepracer:::leaderboard/a372276f-1aef-4851-9269-7e295eaa042d,August Qualifier 2022,Finish the race as quickly as possible and stay on track to not be penalized.,1659312000000,1661990399000,arn:aws:deepracer:us-east-1::track/2022_august_open,CLOSED,3,3,4197,TIME_TRIAL,VISIBLE,TOTAL_TIME,VIRTUAL,False,TNC-2022-03,False,,,,,,,,True,True,10000.0,5.0,,openBlack,,,,,5.0,3.0,,,,,ALL,ALL,True,"virtual,virtual-season-2022-08",OPEN,OPEN,
110,arn:aws:deepracer:::leaderboard/b22a28eb-1be1-47d9-9581-715df6368cf0,August Qualifier 2022,"Finish the race as quickly as possible and avoid the collisions with obstacles and going off-track, as both will be penalized.",1659312000000,1661990399000,arn:aws:deepracer:us-east-1::track/2022_august_pro,CLOSED,3,3,250,HEAD_TO_HEAD_RACING,VISIBLE,TOTAL_TIME,VIRTUAL,False,TNC-2022-03,False,,BOT_VEHICLE,4.0,4.0,False,,,True,True,10000.0,3.0,LIVE,proPurple,,,,,3.0,3.0,arn:aws:deepracer:::leaderboard/1d5a4b5e-1b0a-4533-8a13-7a437cf9e612,,,,ALL,ALL,True,"virtual,virtual-season-2022-08-pro",PRO,PRO,
111,arn:aws:deepracer:::leaderboard/1d5a4b5e-1b0a-4533-8a13-7a437cf9e612,August Qualifier 2022,Finish the race as quickly as possible and stay on track to not be penalized.,1662990780000,1663012800000,arn:aws:deepracer:us-east-1::track/2022_august_pro,CLOSED,1,15,16,OBJECT_AVOIDANCE,VISIBLE,BEST_LAP_TIME,VIRTUAL,True,TNC-2022-03,False,,,,,,,,True,True,10000.0,3.0,,proTwitchPurple,False,"[{'LaneNumber': -1, 'TrackPercentage': 0.13}, {'LaneNumber': 1, 'TrackPercentage': 0.24}, {'LaneNumber': 1, 'TrackPercentage': 0.37}, {'LaneNumber': -1, 'TrackPercentage': 0.52}]",4.0,BOX,3.0,3.0,,,,,CLOSED_INVITATION,ALL,True,,PRO,PRO,
112,arn:aws:deepracer:::leaderboard/17b2d32e-a628-4997-a8ef-86615f117b8c,September Qualifier 2022,"Finish the race as quickly as possible and avoid the collisions with obstacles and going off-track, as both will be penalized.",1661990400000,1664582399000,arn:aws:deepracer:us-east-1::track/2022_september_pro,CLOSED,3,3,372,HEAD_TO_HEAD_RACING,VISIBLE,TOTAL_TIME,VIRTUAL,False,TNC-2022-03,False,,BOT_VEHICLE,4.0,4.0,False,,,True,True,10000.0,3.0,LIVE,proPurple,,,,,3.0,3.0,arn:aws:deepracer:::leaderboard/9c6de1c0-c971-4eae-8fde-c7cbde88ecb9,,,,ALL,ALL,True,"virtual,virtual-season-2022-09-pro",PRO,PRO,
113,arn:aws:deepracer:::leaderboard/93f224d7-da63-43d5-9757-d40abe6324ac,September Qualifier 2022,Finish the race as quickly as possible and stay on track to not be penalized.,1661990400000,1664582399000,arn:aws:deepracer:us-east-1::track/2022_september_open,CLOSED,3,3,5966,TIME_TRIAL,VISIBLE,TOTAL_TIME,VIRTUAL,False,TNC-2022-03,False,,,,,,,,True,True,10000.0,5.0,,openBlack,,,,,5.0,3.0,,,,,ALL,ALL,True,"virtual,virtual-season-2022-09",OPEN,OPEN,
114,arn:aws:deepracer:::leaderboard/9c6de1c0-c971-4eae-8fde-c7cbde88ecb9,September Qualifier 2022,Finish the race as quickly as possible and stay on track to not be penalized.,1665410940000,1665428400000,arn:aws:deepracer:us-east-1::track/2022_september_pro,CLOSED,1,15,16,OBJECT_AVOIDANCE,VISIBLE,BEST_LAP_TIME,VIRTUAL,True,TNC-2022-03,False,,,,,,,,True,True,10000.0,3.0,,proTwitchPurple,False,"[{'LaneNumber': -1, 'TrackPercentage': 0.11}, {'LaneNumber': 1, 'TrackPercentage': 0.24}, {'LaneNumber': 1, 'TrackPercentage': 0.37}, {'LaneNumber': -1, 'TrackPercentage': 0.52}]",4.0,BOX,3.0,3.0,,,,,CLOSED_INVITATION,ALL,True,,PRO,PRO,
115,arn:aws:deepracer:::leaderboard/3cd3f5fa-a1e8-434a-a099-e15ba5b426c4,October Qualifier 2022,Finish the race as quickly as possible and stay on track to not be penalized.,1664582400000,1667260799000,arn:aws:deepracer:us-east-1::track/2022_october_open,CLOSED,3,3,3940,TIME_TRIAL,VISIBLE,TOTAL_TIME,VIRTUAL,False,TNC-2022-03,False,,,,,,,,True,True,10000.0,5.0,,openBlack,,,,,5.0,3.0,,,,,ALL,ALL,True,"virtual,virtual-season-2022-10",OPEN,OPEN,
116,arn:aws:deepracer:::leaderboard/e5eedeec-7a74-411d-a83e-895666b36af7,October Qualifier 2022,"Finish the race as quickly as possible and avoid the collisions with obstacles and going off-track, as both will be penalized.",1664582400000,1667260799000,arn:aws:deepracer:us-east-1::track/2022_october_pro,CLOSED,3,3,413,HEAD_TO_HEAD_RACING,VISIBLE,TOTAL_TIME,VIRTUAL,False,TNC-2022-03,False,,BOT_VEHICLE,5.0,4.0,False,,,True,True,10000.0,3.0,LIVE,proPurple,,,,,3.0,3.0,arn:aws:deepracer:::leaderboard/160f18f3-0d53-4e38-b899-12ca2f041b8d,,,,ALL,ALL,True,"virtual,virtual-season-2022-10-pro",PRO,PRO,
117,arn:aws:deepracer:::leaderboard/74e1579c-e2f3-4b98-992e-bf70a8f57dca,October Qualifier 2022,Finish the race as quickly as possible and stay on track to not be penalized.,1668438900000,1668456000000,arn:aws:deepracer:us-east-1::track/2022_october_pro,CLOSED,1,15,16,OBJECT_AVOIDANCE,VISIBLE,BEST_LAP_TIME,VIRTUAL,True,TNC-2022-03,False,,,,,,,,True,True,10000.0,3.0,,proTwitchPurple,False,"[{'LaneNumber': -1, 'TrackPercentage': 0.15}, {'LaneNumber': 1, 'TrackPercentage': 0.31}, {'LaneNumber': 1, 'TrackPercentage': 0.48}, {'LaneNumber': -1, 'TrackPercentage': 0.68}, {'LaneNumber': -1, 'TrackPercentage': 0.88}]",5.0,BOX,3.0,3.0,,,,,CLOSED_INVITATION,ALL,True,,PRO,PRO,
118,arn:aws:deepracer:::leaderboard/a24b91f4-8ae5-4f50-b9da-b7c35658cf1b,2022 re:Invent Warm Up ,Finish the race as quickly as possible and stay on track to not be penalized.,1667260800000,1670111999000,arn:aws:deepracer:us-east-1::track/2022_reinvent_champ,CLOSED,3,3,3196,TIME_TRIAL,VISIBLE,TOTAL_TIME,VIRTUAL,False,TNC-2022-03,False,,,,,,,,True,True,10000.0,5.0,,openBlack,,,,,5.0,3.0,,,,,ALL,ALL,True,"virtual,virtual-season-2022-11",,,
119,arn:aws:deepracer:::leaderboard/c5215a8b-7ca6-42d2-afcf-3edf7a7a9f4d,Winter Open,Finish the race as quickly as possible and stay on track to not be penalized.,1670444280000,1675209599000,arn:aws:deepracer:us-east-1::track/2022_reinvent_champ,CLOSED,3,3,1820,TIME_TRIAL,VISIBLE,TOTAL_TIME,VIRTUAL,False,TNC-2022-03,False,,,,,,,,True,True,10000.0,5.0,,openBlack,,,,,5.0,3.0,,,,,ALL,ALL,True,"virtual,virtual-season-2022-12",,,
120,arn:aws:deepracer:::leaderboard/95890002-29ba-470f-bea0-9f366a02f8eb,Innovate Preseason ,Finish the race as quickly as possible and stay on track to not be penalized.,1675209600000,1677628799000,arn:aws:deepracer:us-east-1::track/FS_June2020,CLOSED,3,3,1864,TIME_TRIAL,VISIBLE,TOTAL_TIME,VIRTUAL,False,TNC-2023-PRESEASON,False,,,,,,,,True,True,10000.0,5.0,,openBlack,,,,,5.0,3.0,,,,,ALL,ALL,True,"virtual,virtual-preseason-2023-02",,,
121,arn:aws:deepracer:::leaderboard/2c29f173-dfe6-456d-a0b0-0f06fe86b5a1,March 2023 Qualifier,Join the March race to kickstart your 2023 AWS DeepRacer League Virtual Circuit season.,1677702600000,1680307199000,arn:aws:deepracer:us-east-1::track/arctic_pro,CLOSED,3,3,2639,TIME_TRIAL,VISIBLE,TOTAL_TIME,VIRTUAL,False,TNC-2023-SEASON,False,,,,,,,,True,True,10000.0,5.0,,defaultBlack,,,,,5.0,3.0,,,,,ALL,ALL,True,"virtual,virtual-season-2023-03",,,
122,arn:aws:deepracer:::leaderboard/c1fa0cd1-33e2-41dd-9776-d934639997a5,April 2023 Qualifier,"Compete in the April qualifier, the second of eight races in the 2023 AWS DeepRacer League Virtual Circuit season.",1680307201000,1682899199000,arn:aws:deepracer:us-east-1::track/jyllandsringen_pro,CLOSED,3,3,1743,TIME_TRIAL,VISIBLE,TOTAL_TIME,VIRTUAL,False,TNC-2023-SEASON,False,,,,,,,,True,True,10000.0,5.0,,defaultLightBlue,,,,,5.0,3.0,,,,,ALL,ALL,True,"virtual,virtual-season-2023-04",,,
123,arn:aws:deepracer:::leaderboard/02220ebb-d31b-4ee4-856e-091d0277e874,May 2023 Qualifier,"The third monthly qualifier of 2023 is underway. Developers, start your engines!",1682899201000,1685577599000,arn:aws:deepracer:us-east-1::track/penbay_open,CLOSED,3,3,2450,TIME_TRIAL,VISIBLE,TOTAL_TIME,VIRTUAL,False,TNC-2023-SEASON,False,,,,,,,,True,True,10000.0,5.0,,defaultLightBlue,,,,,5.0,3.0,,,,,ALL,ALL,True,"virtual,virtual-season-2023-05",,,
124,arn:aws:deepracer:::leaderboard/968ef096-6564-4eac-a7ea-a555a011bbd9,June 2023 Qualifier,"Nearing the halfway point of the 2023 season, start racing in the June qualifier to climb the leaderboard!",1685577601000,1688169599000,arn:aws:deepracer:us-east-1::track/thunder_hill_pro,CLOSED,3,3,2762,TIME_TRIAL,VISIBLE,TOTAL_TIME,VIRTUAL,False,TNC-2023-SEASON,False,,,,,,,,True,True,10000.0,5.0,,defaultLightBlue,,,,,5.0,3.0,,,,,ALL,ALL,True,"virtual,virtual-season-2023-06",,,
125,arn:aws:deepracer:::leaderboard/45b5f83d-bd27-4a7c-9f36-72c75e1974e6,July 2023 Qualifier,"Only 4 races remain in the 2023 season, start racing today!",1688169601000,1690847999000,arn:aws:deepracer:us-east-1::track/2022_june_pro,CLOSED,3,3,2573,TIME_TRIAL,VISIBLE,TOTAL_TIME,VIRTUAL,False,TNC-2023-SEASON,False,,,,,,,,True,True,10000.0,5.0,,defaultLightBlue,,,,,5.0,3.0,,,,,ALL,ALL,True,"virtual,virtual-season-2023-07",,,
126,arn:aws:deepracer:::leaderboard/689a6905-08c6-4589-b609-c54eca7ffd9e,August 2023 Qualifier,August marks the sixth of eight races in the AWS DeepRacer League 2023 Virtual Circuit. Don't miss your chance to compete and win!,1690848001000,1693526399000,arn:aws:deepracer:us-east-1::track/2022_march_pro,CLOSED,3,3,2769,TIME_TRIAL,VISIBLE,TOTAL_TIME,VIRTUAL,False,TNC-2023-SEASON,False,,,,,,,,True,True,10000.0,5.0,,defaultLightBlue,,,,,5.0,3.0,,,,,ALL,ALL,True,"virtual,virtual-season-2023-08",,,
127,arn:aws:deepracer:::leaderboard/8d02e792-4988-4ffa-8c54-e2a122870052,September 2023 Qualifier,September is the penultimate race of the 2023 AWS DeepRacer League Regular season. Race for prizes and glory today!,1693526401000,1696118399000,arn:aws:deepracer:us-east-1::track/2022_september_pro,CLOSED,3,3,3366,TIME_TRIAL,VISIBLE,TOTAL_TIME,VIRTUAL,False,TNC-2023-SEASON,False,,,,,,,,True,True,10000.0,5.0,,defaultLightBlue,,,,,5.0,3.0,,,,,ALL,ALL,True,"virtual,virtual-season-2023-09",,,
128,arn:aws:deepracer:::leaderboard/a205e27a-2db6-411f-a71c-1188a01ee3dc,October 2023 Qualifier,October is the eighth and final race of the 2023 AWS DeepRacer League regular season. Get on the leaderboard for your last chance at victory!,1696118401000,1698796799000,arn:aws:deepracer:us-east-1::track/2022_july_pro,CLOSED,3,3,2700,TIME_TRIAL,VISIBLE,TOTAL_TIME,VIRTUAL,False,TNC-2023-SEASON,False,,,,,,,,True,True,10000.0,5.0,,defaultLightBlue,,,,,5.0,3.0,,,,,ALL,ALL,True,"virtual,virtual-season-2023-10",,,
129,arn:aws:deepracer:::leaderboard/d4de712c-4ba0-4efd-81da-f37bba362665,re:Invent 2023 Warm-Up Race,Compete on the same track as the 2023 AWS DeepRacer League Champions and earn a custom digital reward for your racer profile!,1698796800000,1701734399000,arn:aws:deepracer:us-east-1::track/red_star_pro,CLOSED,1,3,2313,TIME_TRIAL,VISIBLE,BEST_LAP_TIME,VIRTUAL,False,TNC-2023-SEASON,False,,,,,,,,True,True,10000.0,5.0,,defaultLightBlue,,,,,5.0,3.0,,,,,ALL,ALL,True,,,,
130,arn:aws:deepracer:::leaderboard/33a65e68-bf5a-4de0-adf6-ef074d8ac2ba,Winter Race 2024,Compete in the Winter Race 2024!,1701734400000,1709251199000,arn:aws:deepracer:us-east-1::track/caecer_loop,CLOSED,1,3,1563,TIME_TRIAL,VISIBLE,BEST_LAP_TIME,VIRTUAL,False,TNC-2021-03,False,,,,,,,,True,True,10000.0,5.0,,defaultLightBlue,,,,,5.0,3.0,,,,,ALL,ALL,True,,,,3.0
131,arn:aws:deepracer:::leaderboard/fcfec6ab-e0d7-4451-9841-b1b85107528a,March 2024 Qualifier,Join the March race to kickstart your 2024 AWS DeepRacer League Virtual Circuit season. Get on the leaderboard for your chance to claim a spot towards the reinvent 2024 Heat qualification.,1709251200000,1711929599000,arn:aws:deepracer:us-east-1::track/caecer_gp,CLOSED,1,3,2608,TIME_TRIAL,VISIBLE,BEST_LAP_TIME,VIRTUAL,False,TNC-2024-SEASON,False,,,,,,,,True,True,10000.0,5.0,,defaultLightBlue,,,,,5.0,5.0,,,,,ALL,ALL,True,virtual-season-2024-heat1-03,,,3.0
132,arn:aws:deepracer:::leaderboard/fe7ea1f3-b425-41ce-a18c-6a9a4a455401,April 2024 Qualifier,Join the April time trial race to progress through the 2024 AWS DeepRacer League season and Heat 1 qualification. Get on the leaderboard for your chance to earn rewards and secure a spot in re:Invent 2024.,1711929600000,1714521599000,arn:aws:deepracer:us-east-1::track/dubai_open,CLOSED,3,3,2107,TIME_TRIAL,VISIBLE,AVG_LAP_TIME,VIRTUAL,False,TNC-2024-SEASON,False,,,,,,,,True,True,10000.0,5.0,,defaultLightBlue,,,,,5.0,10.0,,,,,ALL,ALL,True,virtual-season-2024-heat1-04,,,3.0
133,arn:aws:deepracer:::leaderboard/40bfb009-fbbb-4c18-92c0-4ac5e584a194,May 2024 Qualifier,Accelerate into the May time trial race to progress through the 2024 AWS DeepRacer League season and Heat 2 qualification. Get on the leaderboard for your chance to earn rewards and secure a spot in re:Invent 2024.,1714521600000,1717199999000,arn:aws:deepracer:us-east-1::track/Albert,CLOSED,1,3,2489,TIME_TRIAL,VISIBLE,BEST_LAP_TIME,VIRTUAL,False,TNC-2024-SEASON,False,,,,,,,,True,True,10000.0,5.0,,defaultLightBlue,,,,,5.0,10.0,,,,,ALL,ALL,True,virtual-season-2024-heat2-05,,,3.0
134,arn:aws:deepracer:::leaderboard/56e4714b-cd55-40aa-bdb7-f9a5522c1e85,Object Avoidance Test and Feedback,"Dive into a skill testing and sharpening race track that contains dynamic obstacles, designed exclusively for testing and gathering feedback. Not part of the AWS DeepRacer Virtual League 2024!",1717093800000,1719791940000,arn:aws:deepracer:us-east-1::track/reInvent2019_track,CLOSED,3,5,145,OBJECT_AVOIDANCE,VISIBLE,AVG_LAP_TIME,VIRTUAL,False,TNC-2024-SEASON,False,,,,,,,,True,True,10000.0,,,defaultLightBlue,True,,3.0,BOX,5.0,5.0,,,,,ALL,ALL,True,,,,3.0
135,arn:aws:deepracer:::leaderboard/b01e61f5-9917-41c1-ab09-8557155713fa,June 2024 Qualifier,The month of June heats up the 2024 AWS DeepRacer League season and Heat 2 qualification. Stand out on the leaderboard to earn rewards and tune your model into re:Invent 2024.,1717200000000,1719791999000,arn:aws:deepracer:us-east-1::track/jyllandsringen_open,CLOSED,3,3,1935,TIME_TRIAL,VISIBLE,AVG_LAP_TIME,VIRTUAL,False,TNC-2024-SEASON,False,,,,,,,,True,True,10000.0,,,defaultLightBlue,,,,,,10.0,,,,,ALL,ALL,True,virtual-season-2024-heat2-06,,,3.0
136,arn:aws:deepracer:::leaderboard/3b1708a2-5d19-436a-a97d-ced81b175573,July 2024 Qualifier,Dive into the July time trial race to progress through the 2024 AWS DeepRacer League season and Heat 3 qualification. Get on the leaderboard for your chance to earn rewards and secure a spot in re:Invent 2024.,1719792000000,1722470399000,arn:aws:deepracer:us-east-1::track/2022_april_pro,CLOSED,3,3,2492,TIME_TRIAL,VISIBLE,AVG_LAP_TIME,VIRTUAL,False,TNC-2024-SEASON,False,,,,,,,,True,True,10000.0,,,defaultLightBlue,,,,,,10.0,,,,,ALL,ALL,True,virtual-season-2024-heat3-07,,,3.0
137,arn:aws:deepracer:::leaderboard/89c6f916-fa1d-42c7-8200-dbf942541864,August 2024 Qualifier,Join the August time trial race to progress through the 2024 AWS DeepRacer League season and Heat 3 qualification. Top the leaderboard to collect rewards and gear up for an exciting showdown in re:Invent 2024s Heat 3.,1722470400000,1725148799000,arn:aws:deepracer:us-east-1::track/arctic_open,CLOSED,3,3,2793,TIME_TRIAL,VISIBLE,AVG_LAP_TIME,VIRTUAL,False,TNC-2024-SEASON,False,,,,,,,,True,True,10000.0,,,defaultLightBlue,,,,,,5.0,,,,,ALL,ALL,True,virtual-season-2024-heat3-08,,,3.0
138,arn:aws:deepracer:::leaderboard/ce788878-0e4e-40d1-9861-264af6efac41,September 2024 Qualifier,"As the season nears its end, the September time trial race offers final chances to progress through the 2024 AWS DeepRacer League season. Get on the leaderboard for your chance to earn rewards and secure the final spot in re:Invent 2024.",1725148800000,1727740799000,arn:aws:deepracer:us-east-1::track/Austin,CLOSED,3,3,2049,TIME_TRIAL,VISIBLE,AVG_LAP_TIME,VIRTUAL,False,TNC-2024-SEASON,False,,,,,,,,True,True,10000.0,5.0,,defaultLightBlue,,,,,5.0,10.0,,,,,ALL,ALL,True,virtual-season-2024-heat4-09,,,3.0
139,arn:aws:deepracer:::leaderboard/9408cb9a-3494-48d6-ae18-b03d0f1c5569,October 2024 Qualifier,Join the final time trial race of the 2024 AWS DeepRacer League season and Heat 4 qualification. Get on the leaderboard for your last chance to earn rewards and secure the final spot in re:Invent 2024.,1727740800000,1730419199000,arn:aws:deepracer:us-east-1::track/Belille,CLOSED,1,3,1767,TIME_TRIAL,VISIBLE,BEST_LAP_TIME,VIRTUAL,False,TNC-2024-SEASON,False,,,,,,,,True,True,10000.0,5.0,,defaultLightBlue,,,,,5.0,10.0,,,,,ALL,ALL,True,virtual-season-2024-heat4-10,,,3.0
140,arn:aws:deepracer:::leaderboard/ea0f6891-68a1-4a6d-9a68-3344fcd6827b,Championship Warmup,"Get ready for in-person racing at AWS re:Invent by practicing on the new Forever Raceway. Compete in the Wildcard race on site in Las Vegas Mon Dec. 2 for a chance to earn one of six final spots in the Championships and a shot at the $50,000 prize purse.",1730419200000,1735689600000,arn:aws:deepracer:us-east-1::track/2024_reinvent_champ,CLOSED,3,3,2681,TIME_TRIAL,VISIBLE,AVG_LAP_TIME,VIRTUAL,False,TNC-2024-SEASON,False,,,,,,,,True,True,10000.0,,,defaultLightBlue,,,,,,5.0,,,,,ALL,ALL,True,,,,3.0
141,arn:aws:deepracer:::leaderboard/d53b1c1b-a0d4-47b3-a1f0-30c42bb70207,Open Practice 2025,"In 2025, there will be no AWS DeepRacer League. This race is open to all for practice.",1736208000000,1767139200000,arn:aws:deepracer:us-east-1::track/2024_reinvent_champ,OPEN,3,3,1244,TIME_TRIAL,VISIBLE,AVG_LAP_TIME,VIRTUAL,False,TNC-2024-SEASON,False,,,,,,,,True,True,10000.0,,,defaultLightBlue,,,,,,5.0,,,,,ALL,ALL,True,,,,3.0
